,geo,Country Name,1980,1981,1982,1983,1984,1985,1986,1987,1988,1989,1990,1991,1992,1993,1994,1995,1996,1997,1998,1999,2000,2001,2002,2003,2004,2005,2006,2007,2008,2009,2010,2011,2012,2013,2014,2015,2016,2017,2018,2019,2020
0,afg,Afghanistan,-0.39,12.27,11.01,6.06,-0.74,-2.47,3.07,-9.9,-9.08,-9.26,-3.6,-8.5,-4.23,-31.46,-25.93,47.74,-5.18,-4.93,-4.48,-4.84,-3.14,-2.53,111.25,3.87,-2.88,7.21,2.25,11.02,1.59,18.52,11.26,-2.68,8.97,1.97,-0.67,-1.62,-0.54,0.06,-1.2,1.54,-7.14
1,alb,Albania,0.86,0.75,0.74,0.77,0.74,0.71,0.81,0.8,0.85,0.9,1.07,-27.57,-6.62,10.23,8.97,14.02,9.78,-10.36,9.52,13.61,7.63,9.31,4.85,5.93,5.95,6.07,6.57,6.78,8.33,4.05,4.22,2.82,1.59,1.19,1.99,2.52,3.48,3.9,4.33,2.68,-3.35
2,dza,Algeria,-2.13,-0.04,3.23,2.25,2.49,0.71,-2.42,-3.42,-3.62,1.74,-1.66,-3.6,-0.56,-4.25,-2.93,1.84,2.29,-0.52,3.53,1.75,2.4,1.66,4.26,5.84,2.93,4.44,0.21,1.81,0.74,-0.13,1.75,0.98,1.4,0.76,1.71,1.6,1.1,-0.75,-0.81,-1.13,-7.7
3,and,Andorra,-1.28,-3.93,-2.88,-2.55,-2.57,-1.99,-0.97,1.35,1.02,0.83,-0.11,-1.37,-2.89,-4.43,-0.4,0.91,3.97,9.38,3.67,3.64,-0.87,0.42,0.23,8.27,5.3,9.52,7.42,1.65,-4.64,0.75,-6.6,7.63,-0.08,4.31,2.73,3.67,3.45,3.28,3.47,3.47,3.42
4,ago,Angola,0.33,-3.98,-6.59,-6.26,-2.25,-1.35,-10.95,9.49,12.3,0.0,1.76,3.84,-3.33,-22.23,3.74,17.69,16.28,10.0,7.34,4.87,6.01,7.39,16.66,7.5,12.99,21.03,30.38,24.44,13.01,-0.97,-0.68,-0.22,4.71,1.29,1.22,-2.47,-5.82,-3.41,-5.16,-3.8,-6.77
5,atg,Antigua and Barbuda,7.95,6.13,1.44,7.9,8.52,8.8,9.52,9.82,8.51,5.84,3.11,0.82,-0.57,3.19,4.41,-6.4,4.32,3.22,2.56,1.69,4.33,-6.03,-0.37,4.73,4.4,5.0,11.02,7.6,-1.62,-13.33,-9.18,-3.3,2.05,-1.8,2.62,2.71,4.43,2.17,6.43,3.76,-18.49
6,arg,Argentina,0.33,-6.76,-4.19,2.54,1.11,-7.43,6.29,1.6,-2.8,-7.05,-0.79,7.61,6.49,6.8,4.51,-4.03,4.27,6.86,2.68,-4.46,-1.87,-5.45,-11.85,7.68,7.88,7.73,6.96,7.92,3.03,-6.85,9.3,4.79,-2.15,1.27,-3.58,1.63,-3.11,1.76,-3.55,-3.06,-10.85
7,arm,Armenia,-3.44,-0.08,-0.19,-2.37,0.09,-0.22,-4.05,-8.94,-8.24,9.14,-11.52,-10.87,-40.74,-6.64,7.95,9.1,7.51,4.48,8.14,3.96,6.57,10.28,13.82,14.61,11.13,14.64,14.08,14.7,7.82,-13.52,2.58,4.73,6.91,2.82,3.07,2.74,-0.16,7.18,4.95,7.38,-7.58
8,aus,Australia,0.6,1.69,-1.73,-1.23,5.74,3.79,0.72,3.37,2.78,2.6,-0.16,-1.66,-0.8,3.02,2.89,2.59,2.52,2.81,3.49,3.88,2.7,0.57,2.74,1.72,2.86,1.85,1.29,3.2,1.6,-0.14,0.49,1.05,2.12,0.83,1.02,0.73,1.18,0.59,1.38,0.62,-3.13
9,aut,Austria,2.95,0.32,2.4,3.73,0.93,2.78,2.85,2.15,3.49,4.46,3.87,2.41,0.98,-0.3,2.01,2.51,2.21,1.98,3.47,3.36,3.13,0.88,1.15,0.45,2.1,1.55,2.94,3.39,1.14,-4.02,1.59,2.58,0.22,-0.56,-0.12,-0.11,0.89,1.69,2.08,1.0,-7.03
10,aze,Azerbaijan,-0.12,4.21,4.23,1.97,4.04,2.05,0.91,3.5,3.37,-10.01,-12.48,-2.23,-23.76,-24.26,-20.78,-12.81,0.28,4.78,8.96,6.46,10.19,9.05,8.63,9.38,8.3,26.66,33.0,24.05,8.29,7.12,3.55,-2.85,0.85,4.48,1.52,-0.15,-4.14,-0.82,0.62,1.37,-5.43
11,bhs,Bahamas,4.72,-10.75,4.9,1.88,12.35,3.28,0.42,1.71,1.1,5.45,-2.83,-5.94,-5.64,-1.56,1.36,2.76,2.83,0.86,3.55,5.88,2.76,1.08,1.02,-2.99,-0.94,1.5,0.6,-0.46,-4.11,-5.8,0.01,-0.68,1.95,-3.63,0.11,-0.73,0.44,2.08,1.99,0.22,-17.21
12,bhr,Bahrain,3.87,-4.31,0.13,1.19,-0.78,-4.53,-1.28,-0.75,1.45,1.0,-0.88,8.21,3.97,10.11,-2.68,1.33,1.42,0.27,1.59,0.56,0.85,-2.35,-1.94,0.35,0.39,-0.35,-1.23,0.19,-1.26,-3.55,-0.36,-0.99,1.99,4.21,2.71,-0.19,-0.36,-0.48,-3.11,-2.63,-7.25
13,bgd,Bangladesh,-1.28,1.21,-0.18,3.4,3.89,1.6,2.9,2.53,1.23,1.01,4.97,1.11,3.11,2.47,1.69,2.9,2.32,2.31,3.01,2.57,3.26,3.11,1.96,2.94,3.55,4.97,5.24,5.75,4.81,3.88,4.39,5.25,5.3,4.79,4.86,5.37,5.95,6.14,6.74,7.03,-1.62
14,brb,Barbados,3.83,-2.27,-5.53,-0.27,2.86,0.42,4.46,2.02,2.95,2.91,-3.95,-4.26,-6.04,0.42,1.62,1.61,3.55,4.3,3.29,-0.08,4.04,-2.72,0.45,1.84,1.06,3.56,5.46,1.75,0.25,-5.47,-2.64,-0.97,-0.71,-1.61,-0.31,2.27,2.31,0.32,-0.72,-0.23,-17.81
15,blr,Belarus,0.46,2.33,2.33,2.92,1.23,-1.08,0.57,-0.92,-2.4,4.55,-5.11,-1.25,-9.79,-7.81,-11.6,-10.11,3.14,11.87,8.92,3.84,6.3,5.26,5.72,7.79,12.21,10.15,10.68,9.1,10.58,0.42,7.98,5.57,1.78,0.99,1.63,-3.98,-2.65,2.57,3.31,1.4,-0.19
16,bel,Belgium,4.79,-0.91,1.77,0.39,2.89,1.36,1.85,2.67,4.98,3.43,3.1,1.46,1.12,-1.35,2.91,2.17,1.12,3.54,1.74,3.31,3.47,0.75,1.25,0.62,3.12,1.76,1.88,2.92,-0.34,-2.81,1.93,0.38,0.12,-0.01,1.13,1.45,0.76,1.22,1.35,1.24,-6.97
17,blz,Belize,2.3,-1.03,-2.88,-4.87,-0.9,-1.79,1.73,8.2,6.32,10.28,9.04,9.38,10.22,4.5,-1.88,-1.91,-1.76,-0.12,-0.18,4.8,9.21,1.51,1.81,6.47,2.1,-0.67,2.11,-2.08,0.86,-2.28,0.51,-0.48,0.06,-0.96,1.39,0.69,-1.94,-0.13,0.13,-1.6,-16.15
18,ben,Benin,6.24,2.63,7.6,-7.06,4.84,4.41,-0.87,-4.42,0.03,-3.52,5.75,0.76,-0.56,2.2,-1.42,2.61,1.09,2.58,0.93,2.28,2.75,2.2,1.51,0.35,1.34,-1.25,0.98,3.0,1.98,-0.52,-0.71,0.12,1.92,4.24,3.44,-1.0,0.53,2.81,3.82,4.0,-0.79
19,btn,Bhutan,2.0,8.46,-0.3,5.44,3.5,2.84,10.76,27.21,2.9,4.99,9.57,-1.12,4.62,2.35,5.09,6.53,4.23,3.42,3.54,5.46,4.56,6.08,8.76,5.79,4.19,5.65,5.59,17.03,3.75,5.69,10.77,6.77,3.88,0.88,4.48,5.35,6.83,3.41,1.85,4.26,-1.79
20,bol,Bolivia,-2.59,-0.56,-5.61,-5.66,-0.25,-1.98,-4.5,1.14,2.1,1.06,3.18,3.07,-0.48,2.1,2.51,2.54,2.26,2.86,2.96,-1.52,0.54,-0.24,0.58,0.83,2.3,2.57,2.98,2.78,4.37,1.65,2.43,3.51,3.45,5.13,3.84,3.28,2.73,2.7,2.75,0.8,-9.05
21,bih,Bosnia and Herzegovina,0.89,0.17,-1.33,-3.5,-1.59,-2.21,-0.04,-5.29,-5.97,-2.36,-14.89,-15.73,-27.77,-28.59,2.83,24.19,92.2,35.41,15.65,9.34,5.28,4.28,5.19,3.92,6.04,8.73,5.41,5.93,5.68,-2.53,1.69,2.18,0.72,4.15,2.91,4.67,4.46,4.24,4.6,3.39,-4.87
22,bwa,Botswana,8.35,8.06,5.0,8.39,9.95,5.55,3.55,4.32,8.22,28.78,3.82,4.25,0.11,-0.67,1.1,4.47,3.33,5.82,-1.81,7.32,-0.06,-1.63,4.21,2.83,0.89,2.61,6.19,5.99,4.02,-9.44,6.73,4.56,3.22,10.1,2.85,-3.19,2.41,0.8,2.21,0.75,-10.13
23,bra,Brazil,7.17,-6.08,-1.09,-4.59,3.77,6.22,5.84,1.95,-1.58,1.74,-5.44,-0.26,-2.15,2.94,3.63,2.75,0.6,1.79,-1.18,-1.01,2.91,0.01,1.71,-0.12,4.5,2.03,2.83,4.97,4.05,-1.08,6.52,3.03,1.01,2.11,-0.35,-4.35,-4.07,0.51,0.53,0.38,-4.64
24,brn,Brunei,-10.17,-22.43,0.72,-2.53,-2.39,-4.42,-14.11,-2.68,-3.33,-0.84,-1.93,0.24,1.82,-2.47,0.38,1.79,0.34,-3.79,-2.8,0.82,0.7,0.67,1.85,1.01,-1.21,-1.17,2.95,-1.1,-3.09,-2.91,1.35,2.42,-0.43,-3.44,-3.78,-1.63,-3.61,0.21,-0.99,2.83,0.97
25,bgr,Bulgaria,-2.69,2.89,3.53,-1.57,3.63,-2.66,3.01,0.55,-0.22,-1.38,-9.49,-7.53,-6.27,-0.69,2.16,3.31,5.68,-13.67,4.98,-7.77,5.3,5.9,8.28,5.99,7.25,7.96,7.62,7.34,6.83,-2.75,1.22,3.01,0.94,0.89,2.47,4.66,4.55,4.26,3.84,4.43,-3.29
26,bfa,Burkina Faso,-0.41,2.14,-0.07,-3.46,-0.78,10.38,5.37,-2.64,3.24,-0.34,-3.05,6.19,-2.43,0.7,-1.41,2.85,7.99,3.4,4.34,4.41,-0.97,3.61,1.39,4.72,1.46,5.49,3.12,1.02,2.65,-0.11,5.22,3.46,3.31,2.68,1.28,0.91,2.91,3.18,3.71,2.74,-2.06
27,bdi,Burundi,-6.11,6.2,-3.15,0.31,-2.61,8.87,1.68,1.27,1.88,-1.01,0.86,2.62,-1.13,-8.06,-5.48,-9.27,-9.11,-2.59,3.68,-2.3,-2.59,-0.24,1.66,-4.16,1.56,-2.29,2.05,0.1,1.46,0.46,1.76,0.75,1.2,1.69,1.02,-6.89,-3.71,-2.65,-1.56,-1.29,-4.16
28,khm,Cambodia,-0.38,-1.44,4.38,3.98,4.53,4.34,2.47,-5.58,-1.14,-1.22,-3.51,1.5,0.16,-3.01,2.32,1.61,0.78,1.09,0.68,7.45,4.59,4.06,2.58,4.47,6.25,9.1,6.6,5.96,2.45,-1.96,-0.27,2.72,5.43,5.6,5.4,5.33,5.37,5.21,5.88,5.52,-4.01
29,cmr,Cameroon,8.84,4.28,4.4,5.29,4.92,-0.63,-8.03,-8.37,-6.58,-5.93,-8.8,-6.64,-5.9,-10.54,-0.71,0.66,1.59,2.49,1.81,1.61,0.87,1.65,1.51,1.81,3.94,-0.71,0.67,2.06,0.68,-0.58,0.62,1.31,1.73,2.58,3.06,2.86,1.9,0.85,1.38,1.07,-5.22
30,can,Canada,0.04,1.83,-4.2,1.89,4.73,4.43,1.6,2.72,3.52,0.61,-1.23,-3.3,-0.29,1.54,3.36,1.64,0.56,-4.8,1.95,3.13,3.95,0.31,2.3,2.88,2.95,4.01,3.12,5.84,-0.08,-4.03,1.95,2.14,0.66,1.25,1.84,-0.09,-0.14,1.95,0.6,0.22,-6.5
31,cpv,Cape Verde,3.01,6.08,0.68,7.05,1.46,6.15,0.44,1.92,3.47,3.32,-1.72,-1.02,7.97,5.65,15.9,11.29,8.74,8.72,10.27,9.12,12.22,0.47,3.53,2.56,8.58,5.43,6.57,13.74,5.37,-2.45,0.23,2.68,-0.19,-0.48,-0.65,-0.24,3.44,2.48,3.33,4.48,-15.04
32,caf,Central African Republic,-6.87,-1.15,-0.83,-8.46,3.78,0.24,1.29,-7.08,-0.49,-0.21,-4.33,-3.03,-8.98,-2.53,1.93,4.28,-6.48,2.69,2.2,1.2,-4.7,2.17,1.43,-7.32,3.89,-1.05,2.74,2.62,0.25,6.98,3.46,3.44,4.63,-36.56,-0.28,3.66,3.72,3.2,2.22,1.26,-1.77
33,tcd,Chad,-5.57,-9.97,1.32,10.92,4.91,7.59,3.85,0.86,5.11,-0.32,1.72,5.12,4.61,-18.37,6.61,-2.07,-1.18,2.1,3.28,-4.18,-4.46,7.51,4.39,10.38,28.68,13.13,-2.82,-0.17,-0.32,0.82,9.83,-3.23,5.27,2.22,3.43,-0.49,-9.16,-5.93,-0.67,0.21,-3.78
34,chl,Chile,5.85,3.85,-15.47,-4.92,3.61,-0.21,3.12,4.12,4.83,8.09,1.34,6.04,9.35,4.87,3.39,7.31,5.29,5.98,2.99,-1.63,4.09,2.15,2.0,3.01,6.1,4.65,5.2,3.79,2.43,-2.6,4.75,5.06,4.31,3.03,0.69,1.11,0.37,-0.24,2.51,-0.13,-7.54
35,chn,China,0.6,-1.59,4.88,1.08,5.87,3.23,0.94,2.44,-0.39,-5.02,-5.75,7.78,12.83,12.58,11.77,9.75,8.78,8.12,6.82,6.73,7.64,7.55,8.4,9.35,9.46,10.74,12.09,13.64,9.09,8.86,10.1,9.03,7.34,7.24,6.88,6.5,6.27,6.35,6.26,5.57,1.96
36,col,Colombia,1.72,-0.26,-1.44,-0.84,1.09,0.8,3.64,2.97,1.79,1.02,1.92,0.02,2.04,3.38,3.84,3.29,0.25,1.66,-1.11,-5.76,1.29,0.1,0.95,2.39,3.85,3.42,5.35,5.43,2.08,0.02,3.4,5.92,2.98,4.18,3.45,1.76,0.7,-0.16,0.96,1.87,-7.77
37,com,Comoros,5.92,3.65,6.54,4.61,3.97,1.7,1.74,1.43,2.36,-1.85,0.53,-8.14,5.4,0.07,-7.94,0.75,-3.96,1.27,-1.36,-0.67,8.09,-0.16,-0.12,-0.3,-0.47,0.42,0.22,-1.59,1.53,0.74,1.33,1.61,0.73,2.01,-0.3,-1.23,0.96,1.48,1.14,-0.24,-3.11
38,cod,"Congo, Dem. Rep.",-0.33,-0.06,-2.72,-0.87,3.12,-1.93,2.15,0.09,-2.2,-4.12,-9.51,-11.73,-13.92,-16.77,-7.33,-2.51,-3.76,-7.92,-3.87,-6.5,-9.26,-4.77,-0.03,2.39,3.43,2.81,1.98,2.85,2.78,-0.5,3.6,3.37,3.57,4.93,5.9,3.44,-0.91,0.4,2.46,1.11,-3.24
39,cog,"Congo, Rep.",10.11,18.49,20.75,3.23,4.8,-3.37,-9.05,-2.1,-0.65,-0.61,-1.35,-0.38,-0.18,-3.68,-8.09,1.1,1.36,-3.45,0.77,-5.36,4.52,0.88,1.66,-2.04,0.42,4.42,4.46,-9.77,2.72,8.03,6.63,-0.61,7.14,-3.13,3.4,-5.61,-12.44,-7.05,-8.59,-5.98,-10.06
40,cri,Costa Rica,-0.57,-4.3,-9.15,0.29,5.2,-1.69,2.85,2.3,1.08,3.42,1.44,-0.37,6.39,4.36,1.87,1.58,-1.18,3.11,4.57,1.76,1.82,1.65,1.61,2.67,2.83,2.41,5.76,6.71,3.28,-2.23,3.65,3.05,3.57,1.1,2.37,2.51,3.15,2.8,1.64,1.11,-5.78
41,civ,Cote d'Ivoire,3.63,-0.34,-3.42,-7.35,-6.83,1.18,-0.62,-5.11,-5.23,-4.13,-11.1,-2.24,-1.21,-1.41,-1.6,4.29,7.07,5.04,4.57,1.0,-2.67,-0.43,-1.89,-1.54,0.78,1.41,1.34,1.54,2.32,3.02,1.84,-4.35,7.86,7.09,6.66,6.87,10.3,9.3,8.54,7.63,-0.32
42,hrv,Croatia,2.27,0.75,0.41,-1.19,2.73,0.54,3.3,0.42,-0.3,-0.98,-6.52,-19.87,-8.67,-5.64,7.82,9.66,7.37,6.72,2.35,-0.52,3.88,7.0,5.62,5.61,4.13,4.17,4.97,5.09,1.91,-7.23,-1.09,0.15,-2.09,-0.17,0.07,3.28,4.22,4.69,3.73,3.37,-8.49
43,cub,Cuba,-1.84,7.65,1.52,4.86,7.35,1.37,-0.88,-3.7,2.19,-0.06,-5.57,-15.5,-14.62,-21.84,0.96,6.62,13.59,5.41,-0.29,6.09,10.65,5.54,3.25,3.15,1.21,3.35,14.9,4.05,6.55,4.05,5.28,5.32,3.03,3.38,3.37,3.42,1.41,1.77,2.26,2.21,1.91
44,cyp,Cyprus,6.01,2.99,6.3,5.16,8.57,4.55,4.43,6.59,8.54,8.06,6.79,-1.83,6.53,-1.7,3.73,6.42,-0.35,1.2,4.82,3.83,4.84,2.84,2.54,1.38,3.63,3.35,2.98,2.88,1.08,-4.61,-0.62,-2.13,-4.91,-6.34,-0.78,3.96,6.26,3.39,2.8,1.86,-6.18
45,cze,Czech Republic,2.6,0.91,-0.48,2.73,3.35,3.37,3.89,3.4,3.14,2.79,2.13,-11.4,-0.61,-0.04,2.87,6.57,4.39,-0.41,-0.26,1.49,4.29,3.43,1.77,3.61,4.78,6.45,6.48,4.96,1.84,-5.2,2.14,1.55,-0.92,-0.08,2.15,5.18,2.34,4.89,2.84,1.95,-5.94
46,dnk,Denmark,-0.09,-0.39,3.58,3.07,4.93,4.73,3.98,0.63,1.58,0.66,1.5,1.13,1.62,-0.32,4.98,2.49,2.32,2.83,1.85,2.61,3.4,0.46,0.15,0.12,2.4,2.06,3.57,0.46,-1.09,-5.41,1.42,0.92,-0.15,0.51,1.11,1.62,2.44,2.16,1.67,2.41,-3.56
47,dji,Djibouti,-4.26,-2.4,-1.55,-2.63,0.31,-1.25,-3.87,-1.76,0.24,-7.31,-4.4,-11.99,7.31,7.9,-4.21,4.9,-7.19,0.78,-4.29,-1.42,-1.76,-1.07,-0.35,7.5,8.65,2.22,11.0,3.1,3.61,3.14,1.66,2.58,3.24,3.4,5.23,5.89,4.92,3.73,6.73,6.15,-3.7
48,dma,Dominica,13.25,11.24,4.93,3.64,5.47,2.69,8.45,7.71,9.16,0.85,6.25,1.41,1.78,1.75,-0.26,2.95,3.34,2.67,4.39,0.86,2.61,-0.08,-3.07,5.95,2.64,0.36,4.47,6.24,7.07,-1.2,0.63,-0.28,-1.13,-1.07,4.35,-2.83,2.38,-7.0,2.06,3.29,-10.45
49,dom,Dominican Republic,4.65,2.72,0.45,3.05,-0.98,-3.72,1.74,6.28,-0.53,11.43,-5.79,-0.96,9.15,5.4,0.77,3.85,4.2,7.11,5.03,4.3,3.08,0.94,2.98,-2.74,1.15,7.95,7.74,6.03,1.91,-0.3,7.02,1.89,1.5,3.65,5.82,5.72,5.47,3.52,5.83,3.96,-7.6
50,ecu,Ecuador,2.19,1.73,-1.12,-4.21,1.82,2.01,0.77,-8.24,8.37,-1.91,0.69,1.89,-0.21,-0.31,1.96,0.05,-0.42,2.16,1.18,-6.6,-0.81,2.13,2.28,0.98,6.41,3.54,2.67,0.49,4.61,-1.06,1.89,6.22,4.07,3.39,2.2,-1.51,-2.9,0.57,-0.48,-1.61,-8.78
51,egy,Egypt,8.16,1.21,7.99,5.35,3.82,4.25,0.37,1.03,2.67,1.54,0.61,-1.15,2.26,0.81,1.91,2.56,2.9,3.39,3.49,3.99,4.34,1.59,0.48,1.29,2.2,2.6,4.97,5.23,5.27,2.74,3.08,-0.36,-0.01,-0.11,0.62,2.09,2.13,2.03,3.19,3.49,1.54
52,slv,El Salvador,-8.98,-6.36,-3.89,0.67,1.75,1.19,-0.26,1.63,0.69,0.23,2.58,0.12,5.55,4.39,3.35,3.49,-0.27,2.12,1.74,1.34,0.39,0.21,0.98,1.02,0.39,2.23,3.87,1.42,2.14,-2.5,1.67,3.37,2.36,1.78,1.24,1.91,2.05,1.74,1.91,1.86,-9.03
53,gnq,Equatorial Guinea,-11.11,-2.51,-4.94,-2.48,-6.45,6.0,-7.86,-1.76,-3.84,-7.73,-4.63,-5.44,14.66,4.38,6.77,8.5,44.31,119.09,16.6,19.4,11.79,56.41,13.71,8.12,30.09,10.64,2.91,10.06,12.44,-3.24,-12.98,1.86,3.66,-8.16,-3.69,-12.71,-12.31,-9.17,-9.72,-8.85,-8.87
54,eri,Eritrea,1.33,1.22,-0.82,5.52,-4.44,-13.39,7.27,11.35,-1.64,-2.78,0.16,10.46,10.77,14.42,22.32,3.52,9.64,7.97,1.25,-1.37,-5.47,4.99,-1.41,-7.14,-2.98,-1.3,-4.08,-1.22,-11.73,1.97,0.57,7.21,-43.89,-1.86,3.54,3.75,0.0,0.32,10.07,2.53,-2.0
55,est,Estonia,1.74,3.39,3.41,3.21,3.79,0.94,3.42,1.38,5.53,7.12,-7.67,-10.51,-13.81,-7.91,0.48,6.41,6.5,14.34,5.34,-0.7,9.58,6.66,7.48,8.24,7.41,10.12,10.37,8.07,-4.83,-14.27,2.92,7.77,3.49,1.71,3.26,1.78,3.16,5.37,3.99,4.63,-3.08
56,eth,Ethiopia,2.27,-3.4,-3.96,0.79,-5.4,-9.01,3.32,5.26,-2.3,-2.54,-5.46,-10.36,-11.89,9.17,-0.34,2.65,8.92,0.05,-6.25,2.16,3.06,5.23,-1.35,-4.91,10.41,8.73,7.81,8.44,7.79,5.84,9.46,8.09,5.62,7.5,7.21,7.39,6.51,6.68,4.05,5.6,4.39
57,fji,Fiji,-3.9,3.84,-4.86,-5.35,5.89,-5.52,5.71,-6.95,1.57,12.91,7.69,-3.6,4.81,0.71,3.64,1.2,3.6,-3.23,0.36,7.97,-2.27,1.63,3.03,0.9,5.07,0.24,1.08,-1.84,-0.06,-2.34,2.21,2.27,1.22,4.67,5.5,4.24,2.0,4.75,3.1,-1.17,-19.45
58,fin,Finland,5.22,1.64,2.89,2.3,2.68,3.16,2.26,4.02,4.81,5.55,-0.27,-6.4,-3.84,-1.14,3.52,3.82,3.33,6.02,5.18,4.14,5.55,2.38,1.46,1.76,3.69,2.43,3.63,4.85,0.32,-8.51,2.71,2.07,-1.87,-1.36,-0.78,0.21,2.52,3.03,1.38,1.06,-3.02
59,fra,France,1.05,0.65,2.12,0.9,1.05,1.11,2.1,2.2,4.06,3.19,2.15,0.49,1.1,-1.06,1.98,1.74,1.05,1.97,3.21,2.89,3.21,1.24,0.4,0.11,2.08,0.9,1.74,1.79,-0.3,-3.37,1.45,1.7,-0.17,0.06,0.48,0.75,0.83,2.08,1.64,1.37,-8.42
60,gab,Gabon,-0.02,2.4,-5.63,2.79,4.59,-5.03,-3.58,-19.49,9.64,5.47,2.23,3.25,-5.68,1.2,1.02,2.29,1.02,3.11,0.94,-11.13,-4.22,-0.27,-2.6,-0.2,-1.83,-0.04,-5.5,2.95,-6.24,-3.09,3.45,3.25,1.34,1.72,0.62,0.47,-0.97,-2.3,-1.75,1.39,-3.03
61,gmb,Gambia,-1.52,16.02,5.04,-5.28,-0.33,0.26,-1.01,-0.13,1.78,0.27,0.47,-0.74,-0.12,-0.23,-2.9,-2.19,-0.9,1.72,0.36,3.15,2.25,2.5,-6.29,3.5,3.72,-5.34,-3.54,0.0,3.15,3.54,2.78,-10.86,2.1,-0.2,-4.35,0.97,-1.06,1.76,4.12,3.0,-2.92
62,geo,Georgia,0.75,4.26,4.22,4.53,6.45,4.79,-1.02,-1.76,6.11,-4.24,-14.99,-21.65,-45.33,-29.84,-9.01,6.53,15.31,14.12,5.69,5.01,3.84,6.44,6.42,11.81,6.45,10.29,10.04,13.17,2.73,-2.79,7.03,8.26,7.16,3.93,4.38,2.86,2.84,4.83,4.91,5.16,-5.6
63,deu,Germany,1.61,0.99,-0.04,2.8,3.91,3.15,2.9,2.22,3.65,3.17,-3.13,4.35,1.15,-1.63,2.04,1.25,0.51,1.64,2.0,1.82,2.77,1.51,-0.37,-0.76,1.2,0.79,3.93,3.11,1.15,-5.45,4.34,5.87,0.23,0.16,1.78,0.62,1.41,2.22,0.96,0.28,-4.98
64,gha,Ghana,-3.83,-0.71,-8.19,-9.95,3.5,2.49,1.61,2.49,3.27,2.83,1.05,2.28,0.92,1.9,0.46,1.34,1.92,1.6,2.14,1.87,1.19,1.48,1.97,2.65,3.01,3.27,3.72,1.69,6.37,2.21,5.25,11.32,6.73,4.85,0.57,-0.11,1.15,5.77,3.96,4.2,-1.12
65,grc,Greece,1.69,0.07,0.72,0.75,3.19,3.66,2.22,0.18,5.27,4.23,-0.11,1.87,-0.07,-2.18,1.49,1.62,2.41,3.97,3.32,2.68,3.5,3.59,3.54,5.54,4.8,0.3,5.34,3.01,-0.6,-4.55,-5.6,-9.0,-6.8,-2.54,1.41,0.22,0.23,1.71,2.14,2.03,-8.13
66,grd,Grenada,-0.43,-0.41,2.6,0.31,2.67,7.01,8.51,12.53,5.32,7.89,6.35,1.25,-1.57,-3.02,0.55,1.18,3.7,4.43,11.26,6.47,4.48,-2.42,3.05,9.07,-0.97,12.94,-4.24,5.86,0.69,-6.91,-0.93,0.23,-1.75,1.67,6.62,5.77,3.11,3.87,3.6,1.41,-13.96
67,gtm,Guatemala,1.14,-2.22,-5.85,-5.6,-2.3,-3.45,-3.17,-0.96,-0.46,0.91,0.18,0.91,2.12,1.31,1.47,2.41,0.51,1.93,2.54,1.42,1.12,-0.1,1.51,0.32,0.98,1.14,3.27,4.22,1.31,-1.35,1.0,2.28,1.16,1.89,2.65,2.35,0.99,1.36,1.58,2.24,-3.46
68,gin,Guinea,0.76,-1.35,-0.33,-0.98,-1.06,2.26,0.24,0.27,3.12,0.91,1.32,-0.25,0.49,2.29,1.27,1.9,1.74,2.46,1.02,1.31,0.19,1.49,3.09,-0.68,0.36,0.92,-0.99,4.46,1.78,-3.36,2.48,3.3,3.61,1.64,1.31,1.26,7.94,7.29,3.23,2.65,2.66
69,gnb,Guinea-Bissau,-16.97,-1.86,2.86,-4.62,3.9,2.85,-2.31,4.18,5.35,2.87,1.78,2.75,-1.16,-0.16,0.98,2.24,9.39,4.46,-29.46,-0.93,3.31,0.04,-3.14,-1.69,0.4,1.83,-0.12,0.78,0.68,0.79,1.95,5.29,-4.28,0.54,-1.67,3.4,3.57,3.27,1.24,2.06,-4.5
70,guy,Guyana,2.74,2.78,-11.88,-5.18,-3.23,4.47,1.24,3.21,-1.52,-3.04,-1.48,5.89,7.16,7.38,7.85,4.7,8.03,6.58,-1.13,3.52,-0.97,2.49,1.19,-0.68,1.48,-2.01,5.1,7.17,1.71,3.49,3.9,4.83,4.81,3.12,1.14,0.16,3.28,3.22,3.93,4.85,3.82
71,hti,Haiti,7.1,-3.21,-4.0,0.52,-0.18,0.05,-1.15,-1.24,2.64,-3.42,0.39,-0.12,-7.13,-7.22,-13.59,7.88,2.26,0.87,0.38,0.93,-0.86,-2.01,-0.75,1.66,-2.84,1.95,0.12,3.9,0.87,4.67,-5.27,4.57,-0.92,1.6,1.95,0.22,0.37,0.96,0.38,-2.9,-4.88
72,hos,Holy See,,,,,,,,,,,,,,,,,,,,,,,,,,,,,,,,,,,,,,,,,
73,hnd,Honduras,-2.46,-1.05,-4.31,-3.71,1.22,0.98,-2.33,3.0,1.82,1.7,-2.31,-6.04,3.12,3.54,-2.58,3.21,-1.0,1.64,0.68,-3.48,4.4,0.02,1.1,1.94,3.66,3.55,4.12,3.82,1.98,-4.46,1.65,1.84,2.2,0.95,1.25,2.05,2.12,3.08,1.98,0.98,-9.59
74,hkg,"Hong Kong, China",7.04,6.71,0.85,4.04,8.34,-1.13,8.87,10.93,6.08,0.77,1.73,4.83,5.35,4.39,3.67,0.37,-0.27,4.23,-6.67,1.53,6.72,-0.18,1.21,3.26,7.86,6.92,6.35,5.55,1.52,-2.67,5.99,4.11,0.58,2.69,2.04,1.52,1.54,3.02,2.03,-1.99,-5.56
75,hun,Hungary,2.27,2.07,5.04,0.43,4.18,-1.02,3.46,2.99,4.46,-0.62,-5.29,-9.03,-3.03,-0.46,3.09,1.63,0.25,3.35,4.14,3.36,4.75,4.31,5.04,4.38,5.06,4.45,4.19,0.4,1.24,-6.55,1.35,2.23,-0.87,2.14,4.51,4.07,2.44,4.59,5.54,4.64,-4.93
76,isl,Iceland,4.74,3.19,0.87,-3.32,3.17,2.61,5.69,7.9,-2.06,-0.87,0.49,-1.37,-4.58,0.29,2.71,-0.43,4.01,4.9,5.95,2.79,3.47,2.53,-0.21,1.56,7.1,4.66,2.81,6.63,0.11,-7.09,-3.3,1.57,0.76,3.15,0.95,3.66,5.16,2.12,1.07,-0.5,-8.48
77,ind,India,3.75,3.13,-0.16,4.86,0.6,0.74,0.98,1.1,6.95,3.33,2.0,-0.98,3.39,2.71,4.61,5.53,5.53,2.12,4.25,6.9,2.02,3.03,2.06,6.09,6.19,6.23,6.4,6.05,1.59,6.35,7.04,3.89,4.17,5.13,6.19,6.8,7.08,5.91,5.02,3.13,-8.7
78,idn,Indonesia,6.03,4.57,-5.76,1.75,4.62,0.23,3.95,3.03,3.8,7.0,6.88,5.07,4.71,4.76,5.84,6.56,6.22,3.19,-14.35,-0.61,3.48,2.24,3.09,3.38,3.63,4.29,4.11,4.95,4.62,3.25,4.81,4.75,4.61,4.15,3.64,3.56,3.76,3.84,3.98,3.88,-3.26
79,irn,Iran,-16.74,-6.2,12.02,9.75,-1.33,-0.54,-11.91,-3.7,-7.33,1.89,6.88,9.83,0.91,-0.56,-2.92,0.86,3.73,-0.86,0.84,-0.43,4.53,-0.47,5.93,7.4,3.12,1.99,3.82,6.97,-0.84,-0.11,4.6,1.45,-8.55,-1.42,3.27,-2.61,11.87,2.33,-7.32,-8.04,0.46
80,irq,Iraq,-5.61,-20.95,-4.12,-11.67,-3.12,-4.93,-4.4,1.0,-23.41,-11.59,-4.39,-61.24,34.73,4.21,-1.12,-5.29,17.06,0.02,19.54,12.96,15.6,13.65,11.67,-18.33,60.25,6.27,10.28,1.8,3.8,1.28,3.65,4.1,9.78,3.49,-2.97,-0.86,11.94,-4.94,-2.84,2.07,-13.14
81,irl,Ireland,2.75,2.7,1.85,-0.3,4.27,3.41,0.17,5.32,6.18,6.96,9.28,1.35,2.64,2.18,5.34,9.07,6.57,9.8,7.56,9.26,8.0,3.62,4.15,1.36,4.79,3.42,2.28,2.32,-6.41,-6.04,1.26,-0.09,-0.2,0.82,7.77,23.99,2.51,6.97,6.84,3.97,1.58
82,isr,Israel,4.41,3.35,0.24,1.68,-0.93,1.59,2.93,5.36,0.25,-0.86,3.62,1.44,4.1,1.39,4.68,7.77,2.32,1.37,1.57,0.52,4.65,-2.21,-2.01,-0.84,2.36,2.1,3.71,3.91,1.18,-1.46,3.69,2.86,0.39,2.22,1.79,0.28,1.96,1.55,1.48,1.52,-4.13
83,ita,Italy,4.06,1.05,1.05,1.71,3.11,3.41,3.49,3.76,4.51,3.52,2.79,1.47,0.77,-0.91,2.13,2.89,1.24,1.78,1.78,1.61,3.74,1.89,0.1,-0.31,0.77,0.32,1.49,0.98,-1.62,-5.71,1.4,0.53,-3.24,-2.97,-0.92,0.88,1.47,1.82,1.14,0.55,-8.7
84,jam,Jamaica,-5.81,2.0,0.26,2.64,-0.47,-4.21,2.13,8.28,3.39,7.19,5.67,4.0,1.06,8.38,0.39,1.35,-1.09,-2.11,-3.27,0.13,0.04,0.59,1.31,3.03,0.74,0.34,2.36,0.93,-1.3,-4.81,-1.98,1.17,-1.18,-0.08,0.12,0.37,0.84,0.5,1.45,0.24,-10.33
85,jpn,Japan,1.79,2.2,2.13,1.4,3.03,3.54,2.04,3.42,5.51,4.17,4.48,3.1,0.6,-0.76,0.65,2.35,2.84,0.84,-1.4,-0.43,2.61,0.16,-0.11,1.31,2.17,1.65,1.36,1.54,-1.14,-5.4,4.17,0.07,1.66,2.15,0.51,1.33,0.64,2.34,0.53,0.86,-4.5
86,jor,Jordan,14.8,0.92,3.57,-1.46,5.08,0.14,5.65,-0.36,-3.9,-13.26,-7.2,-3.65,8.11,-1.08,0.0,2.07,-1.02,0.84,1.02,1.59,2.4,3.36,3.79,1.93,5.72,4.67,4.02,3.62,2.31,-0.11,-2.87,-2.65,-2.99,-2.56,-1.25,-1.34,-1.05,-0.29,0.12,0.49,-3.31
87,kaz,Kazakhstan,-0.35,-2.53,-2.48,3.6,-1.6,-0.12,0.22,-1.66,7.56,-0.89,-2.23,-11.55,-5.23,-8.6,-11.32,-6.58,2.03,3.32,-0.19,3.68,10.13,13.69,9.8,8.93,8.84,8.73,9.54,7.66,2.05,-1.43,5.79,5.87,3.33,4.49,2.68,-0.27,-0.33,2.69,2.74,3.16,-3.83
88,ken,Kenya,2.39,-0.66,3.14,-1.97,-0.73,2.03,4.92,4.02,4.23,2.9,2.9,-1.86,-3.95,-2.76,-0.47,1.33,1.16,-2.35,0.44,-0.49,-2.13,0.99,-2.14,0.18,2.28,3.05,3.58,3.93,-2.5,0.5,5.49,3.29,1.82,3.14,2.69,3.12,3.35,2.36,3.89,3.0,-2.37
89,kir,Kiribati,-45.69,-5.63,7.66,-11.87,5.12,-6.97,-1.12,-5.61,15.19,-10.64,0.17,-1.75,-0.57,-0.4,0.46,-1.35,0.17,0.04,4.77,-3.22,4.46,-3.14,2.06,0.25,-3.44,2.88,-2.19,-0.27,-4.31,-1.36,-2.85,-0.15,3.1,2.75,-2.06,8.87,3.65,-0.55,0.82,0.72,-2.13
90,prk,North Korea,2.34,2.03,2.12,2.07,2.07,2.03,-0.45,-0.39,-0.3,-0.23,-0.1,-5.7,-8.44,-5.86,-3.52,-5.71,-4.57,-7.4,-1.56,5.36,-0.45,2.85,0.39,1.09,1.39,3.1,-1.64,-1.77,2.73,-1.44,-0.99,0.3,0.81,0.59,0.56,-1.61,-1.16,-3.95,-4.6,-2.83,-3.13
91,kor,South Korea,-3.98,4.69,5.76,10.69,8.21,5.83,9.22,10.45,9.89,5.09,7.81,9.69,5.1,5.8,8.17,8.52,6.87,5.18,-5.81,10.68,8.15,4.05,7.1,2.61,4.78,4.09,4.71,5.27,2.23,0.28,6.27,2.89,1.87,2.7,2.56,2.27,2.54,2.87,2.42,1.84,-1.09
92,kwt,Kuwait,-23.88,-23.1,-15.97,2.93,0.19,-9.09,2.55,1.93,-14.52,22.09,-26.51,-39.31,93.65,43.92,15.74,4.47,-0.69,-2.52,-3.18,-7.85,-0.09,-2.56,1.39,15.99,8.29,7.21,2.83,0.47,-3.38,-12.51,-7.95,3.53,0.87,-3.94,-3.98,-3.2,-0.23,-7.04,-0.74,-1.24,-10.63
93,kgz,Kyrgyz Republic,-1.07,-1.85,-1.94,3.74,-1.54,-6.48,-4.48,-4.05,7.37,-0.22,-0.53,-9.44,-14.83,-15.48,-20.06,-6.36,5.51,8.32,0.57,2.13,4.19,4.33,-0.93,5.91,5.74,-1.3,2.0,7.51,7.38,1.65,-1.65,4.67,-1.74,8.74,1.96,1.76,2.23,2.73,1.71,2.34,-9.79
94,lao,Lao,9.62,14.28,5.24,2.62,5.23,3.3,2.42,-3.76,-4.31,11.54,4.17,1.42,2.72,3.17,5.51,4.59,4.67,4.77,2.06,5.45,4.04,4.07,4.31,4.48,4.75,5.44,6.87,5.81,6.01,5.72,6.78,6.36,6.4,6.43,6.02,5.66,5.39,5.24,4.62,3.08,-1.85
95,lva,Latvia,1.19,1.51,1.41,1.14,1.96,-2.95,1.7,-1.39,3.41,5.11,0.76,-13.0,-31.79,-10.48,2.97,-0.11,3.73,9.95,7.35,3.58,6.7,7.7,8.33,9.49,9.69,11.93,13.02,10.93,-2.31,-12.83,-2.4,8.43,5.55,3.41,2.03,4.86,3.31,4.17,4.84,2.82,-2.94
96,lbn,Lebanon,1.59,-1.28,-37.94,20.51,41.92,22.1,-8.4,14.85,-29.3,-43.26,163.94,43.38,10.59,4.97,3.11,2.68,8.75,-0.26,2.68,-1.97,-1.16,-0.02,-1.31,-1.62,2.45,-0.14,0.25,9.14,9.13,9.13,4.92,-3.97,-3.69,-2.79,-3.23,-3.93,-1.17,-0.64,-2.46,-6.79,-24.67
97,lso,Lesotho,-5.47,-1.78,0.84,-10.95,0.08,6.76,-0.34,2.81,8.25,5.79,4.11,4.59,4.57,1.24,3.75,1.26,3.65,1.93,0.04,-0.63,3.21,3.41,1.02,5.15,2.32,3.98,4.55,4.99,6.73,2.0,0.55,4.92,6.15,3.49,2.13,1.87,4.24,-2.1,-1.24,-1.61,-5.18
98,lbr,Liberia,-9.26,-7.19,-1.86,-6.62,-3.15,-3.58,-1.76,2.04,3.75,4.14,-50.31,-8.23,-30.29,-28.37,-17.74,-1.63,12.29,102.8,27.37,20.17,29.01,-0.75,1.33,-31.33,0.7,2.58,4.44,5.34,2.81,1.2,2.36,4.8,4.91,5.82,-1.87,-2.52,-4.06,-0.05,-1.23,-4.62,-5.36
99,lby,Libya,-2.25,-21.44,0.07,-4.93,-7.31,8.56,-10.56,-15.65,6.08,5.81,2.38,23.12,3.65,2.61,8.75,5.16,10.75,13.05,2.73,7.37,2.09,-3.3,-2.53,11.22,2.82,10.16,4.9,4.79,1.24,-2.01,3.94,-62.38,121.78,-14.07,-24.5,-9.66,-3.9,24.98,13.45,1.04,-60.12
100,lie,Liechtenstein,,,,,,,,,,,,,,,,,,,,,,,,,,,,,,,,,,,,,,,,,
101,ltu,Lithuania,1.1,3.97,3.9,0.84,0.94,-3.34,3.24,1.57,7.76,-0.71,-5.68,-5.53,-20.94,-15.52,-8.85,6.37,5.96,9.11,8.26,-0.44,4.43,7.41,7.61,11.47,7.77,9.5,9.14,12.44,3.68,-13.89,3.81,8.46,5.25,4.6,4.43,2.99,3.83,5.75,4.93,4.89,-0.89
102,lux,Luxembourg,1.93,2.19,0.89,4.37,7.55,4.07,8.64,2.95,10.66,10.68,2.01,7.2,0.48,2.81,2.42,0.02,0.02,4.39,4.73,7.03,6.79,1.32,2.74,0.4,2.15,1.61,3.51,6.69,-3.03,-6.11,2.97,0.29,-2.72,1.29,1.87,1.87,2.34,-0.64,1.14,0.33,-3.24
103,mkd,"Macedonia, FYR",0.34,0.64,0.66,-2.24,3.13,-0.88,6.91,-1.32,-3.13,1.97,-9.89,-6.03,-6.35,-7.25,-1.64,-1.19,0.87,0.92,2.74,3.7,4.01,-3.45,1.19,2.0,4.49,4.56,4.99,6.36,5.38,-0.44,3.27,2.25,-0.54,2.84,3.54,3.78,2.78,1.02,2.85,3.18,-4.53
104,mdg,Madagascar,-1.21,-10.5,-3.89,-1.22,-5.74,0.06,-1.51,0.03,-0.7,1.63,1.61,-9.01,-1.77,-0.91,-3.03,-1.41,-0.99,0.48,0.68,1.45,1.25,2.76,-15.04,6.52,2.16,1.71,2.36,2.7,3.71,-6.65,-2.15,-1.19,0.23,-0.44,0.59,0.39,1.23,1.19,1.81,2.1,-6.63
105,mwi,Malawi,-3.84,-9.13,-3.62,-0.42,-0.13,2.92,-4.53,-4.75,-5.1,-2.44,-1.9,6.51,-8.15,9.42,-10.57,15.56,5.41,1.34,1.07,0.18,-1.11,-7.33,-0.75,3.18,2.84,0.62,1.89,6.58,4.61,5.26,3.85,1.89,-0.99,2.26,2.78,0.0,-0.26,1.26,0.48,1.65,-2.22
106,mys,Malaysia,6.11,4.88,3.72,3.89,5.49,-3.22,-0.96,3.05,6.57,7.17,7.45,6.65,6.12,7.18,6.52,7.09,7.23,4.61,-9.67,3.58,6.36,-1.67,3.22,3.69,4.7,3.28,3.52,4.24,2.85,-3.29,5.62,3.67,3.96,3.27,4.6,3.69,3.04,4.38,3.36,2.93,-6.78
107,mdv,Maldives,14.58,7.75,-6.65,11.8,22.1,8.76,5.4,5.01,4.99,5.63,12.54,4.33,3.1,3.15,3.84,4.52,5.76,6.48,5.65,4.21,1.66,-6.26,4.4,10.56,3.11,-15.4,23.08,5.25,6.84,-9.84,3.65,4.35,-1.8,2.54,2.54,-1.62,1.73,2.7,4.08,3.91,-33.36
108,mli,Mali,-13.07,-4.78,-7.19,2.73,2.66,0.57,4.61,0.11,-1.83,8.09,-1.06,9.34,-5.57,0.48,1.03,-1.72,4.31,2.16,4.81,2.9,-2.83,12.05,0.04,5.79,-1.61,3.15,1.27,0.1,1.34,1.44,2.04,0.12,-3.72,-0.63,4.02,3.1,2.75,2.19,1.64,1.66,-4.88
109,mlt,Malta,2.56,3.97,3.84,1.17,2.75,4.42,4.56,3.94,8.08,7.72,5.72,3.43,3.62,3.44,4.67,5.6,3.1,4.46,4.44,4.1,6.08,-1.91,1.8,3.39,-0.53,2.73,2.14,4.41,3.15,-1.88,5.03,0.04,3.19,4.0,5.51,7.02,1.54,5.1,1.57,1.16,-10.8
110,mhl,Marshall Islands,-10.6,2.22,-1.25,11.28,-1.82,-6.94,16.9,8.12,4.87,-2.88,6.42,-2.25,5.31,4.76,5.07,7.69,-10.44,-6.29,-0.63,-1.39,0.7,5.44,1.86,-3.61,-0.94,0.84,-0.25,2.25,-6.96,1.31,7.33,-1.05,-2.69,3.32,-1.36,1.13,0.79,3.48,2.99,5.89,-3.88
111,mrt,Mauritania,1.26,4.59,-7.37,2.83,-1.98,3.49,5.8,2.14,1.04,3.91,-1.01,-0.82,-0.73,3.18,-5.51,7.06,3.18,-6.44,0.2,1.03,-6.43,-3.45,-1.38,3.97,1.81,5.52,15.0,-4.74,-3.16,-2.77,-0.34,1.15,1.43,1.12,1.27,2.37,-1.59,0.62,-0.68,3.07,-4.26
112,mus,Mauritius,-13.2,2.35,2.22,-2.47,1.79,3.95,6.76,7.13,3.71,1.56,4.05,3.31,5.12,3.84,2.69,3.39,4.51,4.37,4.96,1.31,7.14,2.53,0.91,5.16,3.68,1.18,4.38,5.25,5.01,3.04,4.13,3.91,3.21,3.13,3.56,3.42,3.77,3.72,3.7,2.98,-15.83
113,mex,Mexico,7.69,7.12,-1.93,-4.84,2.17,0.98,-4.28,0.59,0.19,3.05,4.16,2.3,1.68,0.16,3.16,-7.83,5.07,5.19,3.58,1.25,3.44,-1.79,-1.4,0.07,2.49,0.87,2.98,0.78,-0.36,-6.67,3.62,2.23,2.25,0.03,1.54,2.02,1.4,0.93,1.05,-1.14,-9.11
114,fsm,"Micronesia, Fed. Sts.",-10.31,6.02,-5.83,-1.17,-6.91,13.35,5.19,-0.36,3.66,-1.59,1.67,4.74,1.32,5.51,-2.52,5.52,-3.89,-6.2,3.11,1.78,5.2,2.39,0.68,1.69,-2.83,2.52,0.64,-0.96,-1.56,1.65,2.32,2.65,-2.86,-4.97,-3.69,3.23,-0.31,1.54,-0.84,1.02,-1.81
115,mda,Moldova,1.97,6.21,6.25,4.62,2.32,-9.63,6.83,0.16,-0.23,6.79,-3.45,-18.29,-29.62,-1.99,-31.33,-1.9,-5.69,2.02,-6.5,-3.22,2.32,6.34,8.05,6.9,7.67,7.76,5.09,3.24,8.01,-5.88,7.21,5.88,-0.58,9.07,5.06,0.45,5.61,6.48,6.19,5.47,-5.82
116,mco,Monaco,1.28,0.46,1.92,0.66,0.95,1.19,1.91,1.96,4.06,3.63,2.1,0.44,0.78,-1.46,1.69,1.65,0.72,1.9,3.18,2.93,3.46,1.3,0.4,0.42,1.8,1.08,3.55,11.52,-1.76,-10.23,0.76,7.27,0.0,-0.34,0.66,0.88,1.28,0.94,1.03,1.03,1.07
117,mng,Mongolia,3.98,5.93,5.83,3.42,3.41,3.3,6.89,1.21,2.72,0.22,-4.88,-6.92,-6.83,0.28,5.92,9.84,5.77,7.62,7.18,6.92,4.79,14.25,12.81,12.39,13.49,5.98,7.18,8.76,7.32,-2.82,4.56,15.15,10.16,9.44,5.75,0.39,-0.75,3.39,5.34,3.37,-6.97
118,mne,Montenegro,25.72,-2.03,4.56,0.06,5.3,2.0,5.1,-3.26,-1.78,1.82,-7.37,-6.26,-22.6,-33.99,5.06,18.35,32.99,11.82,5.22,-9.15,3.28,0.69,1.5,2.07,4.24,4.03,8.43,6.66,7.03,-6.0,2.55,3.12,-2.81,3.45,1.69,3.33,2.93,4.7,5.1,4.08,-15.26
119,mar,Morocco,6.3,-5.27,6.94,-3.93,0.63,2.67,4.28,-5.45,6.72,-0.9,0.58,5.28,-3.83,-2.44,8.79,-6.86,10.76,-2.89,5.86,-0.18,0.67,6.03,1.89,4.71,3.57,2.08,6.32,2.32,4.67,2.96,2.49,3.84,1.58,3.06,1.23,3.1,-0.29,2.88,1.69,1.04,-7.96
120,moz,Mozambique,1.68,-1.08,-5.94,-14.87,1.47,-9.7,1.31,4.99,4.82,6.15,-0.37,2.24,-9.37,6.25,2.42,-1.28,7.88,8.34,7.21,8.91,-1.49,8.95,6.13,3.74,4.78,3.61,6.64,4.78,4.41,3.45,3.62,4.5,4.35,4.04,4.43,3.74,0.88,0.78,0.47,-0.65,-3.1
121,mmr,Myanmar,3.29,0.53,0.23,-0.94,-0.64,-2.59,-6.24,-9.21,-16.07,-1.91,-2.76,-1.97,8.34,4.83,6.26,5.69,5.12,4.3,4.51,9.58,12.43,10.15,10.91,12.79,12.59,12.67,12.27,11.27,9.57,9.84,8.88,4.78,6.45,7.51,7.11,6.18,5.02,5.73,6.1,2.25,2.48
122,nam,Namibia,3.68,-0.3,-3.25,-5.39,-3.35,-2.53,2.54,1.23,-3.68,-3.25,-3.81,4.98,4.32,-3.99,-0.62,1.6,0.99,2.09,1.29,1.48,1.72,-0.44,3.21,2.71,10.58,0.91,5.28,3.53,0.8,-1.52,4.15,3.25,3.24,3.78,3.9,2.65,-2.1,-2.11,-1.18,-2.97,-9.86
123,nru,Nauru,-4.66,-4.83,-4.97,-5.12,-5.28,-5.43,-5.56,-5.65,-5.69,-5.67,-5.59,-21.05,-18.29,-18.0,-5.69,-9.32,-12.81,-11.92,-9.84,-6.9,-7.27,-7.3,-10.56,-0.42,-4.93,0.54,6.29,-22.97,21.62,8.56,10.38,9.43,8.96,24.07,15.54,-1.47,-0.98,-4.48,7.53,0.98,-1.23
124,npl,Nepal,-4.66,5.61,1.19,-5.43,6.81,3.4,1.76,-1.06,4.79,1.41,1.69,3.63,1.32,1.05,5.38,0.9,2.88,2.75,0.9,2.4,4.29,3.05,-1.41,2.47,3.29,2.17,2.09,2.17,4.97,3.69,4.31,3.31,4.98,4.41,6.03,2.91,-0.32,6.79,4.95,5.04,-3.14
125,nld,Netherlands,0.86,-0.75,-1.15,1.82,3.35,3.05,2.65,1.23,2.41,4.53,3.86,1.64,0.94,0.55,2.34,2.61,3.02,3.79,4.02,4.34,3.45,1.56,-0.42,-0.32,1.63,1.81,3.29,3.55,1.77,-4.16,0.82,1.08,-1.4,-0.42,1.06,1.51,1.65,2.3,1.76,1.08,-4.49
126,nzl,New Zealand,0.89,4.74,1.24,1.82,4.04,0.35,1.95,0.45,-0.18,0.75,-0.95,-5.77,0.05,5.19,3.73,3.2,1.99,0.72,-0.09,4.9,2.3,2.86,2.87,2.51,2.49,2.16,1.6,2.11,-1.87,-1.14,0.43,1.58,1.68,1.84,2.07,1.68,1.52,1.0,2.11,1.22,-4.98
127,nic,Nicaragua,1.13,2.81,-2.63,3.15,-2.95,-5.3,-2.29,-2.16,-13.82,-3.43,-3.5,-2.39,-1.84,-2.58,1.15,3.79,4.34,2.11,1.96,5.31,2.49,1.44,-0.67,1.11,3.88,2.87,2.73,3.64,2.02,-4.61,3.0,4.89,5.08,3.54,3.42,3.44,3.22,3.31,-5.15,-5.05,-2.53
128,ner,Niger,2.76,-0.71,-3.24,-3.79,-18.68,-0.26,2.38,-5.54,3.34,-2.2,-4.35,-3.59,-1.31,-3.0,-1.57,-1.02,-3.33,-1.98,6.14,-3.73,-4.71,3.44,1.14,-1.53,-3.29,3.4,2.04,-0.66,3.74,-1.85,4.48,-1.53,6.32,1.28,2.56,0.42,1.71,1.04,3.2,1.96,-2.55
129,nga,Nigeria,-1.14,-10.82,-3.83,-8.58,-6.38,6.16,-0.68,-3.35,7.13,3.72,2.54,-0.79,1.99,1.33,0.14,1.69,3.95,2.76,2.46,0.44,5.41,10.99,17.95,9.41,9.08,3.72,3.33,3.82,3.97,5.2,5.16,2.53,1.47,3.85,3.51,-0.03,-4.17,-1.79,-0.68,-0.38,-4.26
130,nor,Norway,5.36,1.33,0.55,3.97,6.34,5.61,3.95,2.27,0.1,1.22,2.38,2.59,2.98,2.23,4.46,3.62,4.5,4.72,2.02,1.32,2.54,1.56,0.9,0.32,3.36,1.93,1.58,1.93,-0.77,-2.96,-0.54,-0.32,1.36,-0.18,0.83,0.96,0.19,1.5,0.62,0.47,-1.35
131,omn,Oman,3.03,13.59,8.46,13.78,14.16,11.79,0.42,6.27,1.32,2.48,-1.6,1.5,3.52,1.5,0.19,2.34,1.55,5.42,2.55,0.2,5.94,3.25,-2.79,-4.76,-1.17,-0.19,2.53,1.45,4.51,1.49,-3.81,-3.96,1.35,-2.34,-5.15,-1.26,0.13,-3.67,-1.68,-4.52,-2.73
132,pak,Pakistan,6.81,3.95,4.06,3.75,1.4,5.89,3.23,2.7,3.31,1.85,1.77,2.09,4.74,-1.0,0.91,2.07,1.91,-1.84,-0.33,0.83,1.54,0.98,0.06,3.33,5.1,4.1,3.5,2.47,-0.57,0.56,-0.6,0.55,1.33,2.22,2.51,2.57,3.35,3.39,3.68,-1.04,-2.22
133,plw,Palau,-46.43,-11.96,1.0,-3.76,-0.46,-11.54,-2.72,-3.13,18.7,1.94,4.45,-6.12,-8.92,-14.75,4.28,7.97,7.61,-0.19,-0.26,-7.23,-2.89,4.9,2.26,-4.1,4.55,4.41,0.82,4.06,-3.49,-4.45,2.06,7.95,2.28,-3.2,6.17,7.3,-0.42,-2.37,3.48,-4.78,-11.17
134,pan,Panama,13.72,7.69,2.66,-2.65,0.92,3.8,3.19,1.81,-11.18,0.38,6.86,7.16,5.98,3.31,0.76,-0.31,1.97,4.31,5.19,1.86,0.71,-1.36,0.3,2.26,5.54,5.23,6.68,9.97,7.9,-0.54,3.98,9.4,7.91,5.1,3.29,3.94,3.17,3.81,1.95,1.32,-19.09
135,png,Papua New Guinea,-3.52,-1.69,-1.13,1.57,-1.91,2.36,3.0,1.23,1.27,-2.94,-4.59,7.0,11.24,15.51,3.5,-5.58,5.16,-6.24,-6.1,-0.54,-4.69,-2.25,-2.19,0.12,0.61,4.04,3.0,5.26,-2.69,4.28,7.63,-1.08,2.48,1.73,11.28,4.46,3.4,1.49,-2.23,3.85,-5.84
136,pry,Paraguay,10.13,7.22,-2.56,-4.65,1.24,2.03,-1.82,2.36,4.34,3.77,1.13,0.84,-0.84,2.39,2.82,4.35,-0.73,1.94,-2.08,-3.42,-4.27,-2.76,-1.89,2.45,2.29,0.49,3.23,3.92,4.91,-1.6,9.65,2.83,-1.89,6.94,3.44,1.71,2.94,3.59,2.03,-1.29,-2.27
137,per,Peru,1.8,1.69,-2.34,-15.52,2.1,-0.42,7.45,6.05,-10.31,-14.19,-7.23,0.17,-2.47,3.26,10.22,5.43,0.91,4.55,-2.13,-0.14,1.21,-0.66,4.28,3.13,4.0,5.36,6.63,7.63,8.25,0.29,7.46,5.47,5.27,4.9,1.31,1.96,2.42,0.83,2.21,0.51,-12.0
138,phl,Philippines,2.44,1.01,1.21,-0.41,-9.44,-9.48,0.99,1.97,4.43,3.92,0.77,-3.02,-2.08,-0.3,1.96,2.27,3.45,2.84,-2.76,0.85,2.18,0.87,1.56,2.95,4.48,2.98,3.44,4.71,2.63,-0.21,5.56,2.12,5.09,4.96,4.61,4.68,5.55,5.4,4.87,4.6,-10.74
139,pol,Poland,-2.8,-5.6,-1.2,4.61,3.38,0.78,3.03,-1.38,2.47,-1.24,-9.52,-7.34,2.2,3.47,5.07,6.96,6.03,6.38,4.6,4.66,5.66,1.29,2.08,3.57,5.04,3.55,6.2,7.12,4.19,2.76,4.04,4.7,1.33,1.19,3.46,4.31,3.19,4.82,5.35,4.55,-2.69
140,prt,Portugal,4.61,1.44,2.61,0.25,-1.46,3.25,4.6,6.87,8.01,5.68,4.93,4.61,1.17,-2.16,0.69,3.92,3.12,3.94,4.28,3.32,3.09,1.23,0.22,-1.3,1.55,0.6,1.44,2.31,0.17,-3.21,1.69,-1.55,-3.67,-0.38,1.34,2.21,2.34,3.76,3.01,2.38,-7.6
141,qat,Qatar,-9.84,-9.66,-17.3,-12.65,-5.84,-10.6,-2.51,-6.45,0.02,1.28,-0.52,-4.64,8.67,-3.29,-0.49,0.32,1.73,25.88,7.06,-0.01,3.16,0.09,2.86,-2.51,7.9,-6.43,6.77,-0.97,-0.21,-2.81,6.62,3.38,-2.91,-0.79,0.08,0.4,-0.38,-4.04,-0.84,-1.02,-2.86
142,rou,Romania,1.93,1.45,5.6,7.83,7.69,1.36,3.81,2.2,0.83,-4.57,-4.17,-12.16,-7.94,1.67,4.08,6.45,4.21,-4.57,-1.83,-0.22,2.59,6.7,7.66,3.08,11.06,5.32,8.67,8.83,11.14,-4.73,-3.33,2.41,2.5,4.16,4.0,3.44,5.31,7.95,5.09,4.78,-3.47
143,rus,Russia,4.16,1.85,1.2,2.5,0.89,1.99,2.97,0.41,2.15,1.52,-1.76,-5.32,-14.61,-8.62,-12.54,-4.12,-3.61,1.57,-5.14,6.73,10.46,5.55,5.18,7.79,7.63,6.81,8.55,8.69,5.25,-7.83,4.45,4.22,3.85,1.54,-1.05,-2.18,0.01,1.71,2.54,1.41,-3.1
144,rwa,Rwanda,5.26,3.34,0.01,4.12,-6.14,2.03,1.54,-2.99,-2.39,2.67,-0.46,0.31,11.9,-1.68,-47.5,37.54,9.43,6.64,0.37,-3.14,2.46,4.56,10.56,0.65,5.92,7.4,6.77,4.96,8.23,3.44,4.59,5.29,6.0,2.18,3.56,6.12,3.25,1.27,5.75,6.61,-2.29
145,kna,St. Kitts and Nevis,9.68,2.69,1.65,2.33,10.19,10.01,12.49,8.27,10.89,6.79,5.68,-2.16,3.47,5.63,4.09,4.23,4.86,5.86,-1.33,2.28,8.83,4.08,0.1,-5.15,2.71,8.49,2.1,-0.32,5.22,-4.88,-1.44,0.94,-3.09,4.45,5.35,0.19,1.98,-2.74,2.13,2.07,-19.47
146,lca,St. Lucia,-5.43,3.3,3.61,6.05,7.33,7.88,17.33,3.38,15.08,8.37,3.85,-1.04,6.61,-0.57,0.43,0.51,1.56,-2.06,4.82,1.36,-1.06,-4.29,-0.35,3.53,6.41,-1.39,4.93,0.32,3.49,-4.08,0.52,4.61,-0.82,-3.65,1.31,-1.82,3.47,2.96,2.11,1.23,-19.36
147,vct,St. Vincent and the Grenadines,2.06,4.28,4.2,1.94,6.39,6.0,5.44,0.31,14.0,1.42,4.29,0.86,6.21,4.17,-1.27,7.79,1.34,3.58,4.18,2.75,1.61,1.6,6.12,7.46,3.98,2.39,7.7,3.42,1.7,-2.0,-3.32,-0.48,1.27,1.66,0.99,1.06,1.61,0.66,1.81,0.15,-4.28
148,wsm,Samoa,-6.52,-9.35,-1.33,0.16,0.99,3.51,4.99,-0.1,-2.09,2.95,-5.16,-3.01,-1.1,3.09,-3.45,5.82,6.48,0.12,1.74,1.73,6.4,6.37,3.74,3.88,3.98,3.5,1.32,5.64,0.34,-5.48,-0.27,3.33,-4.91,-1.27,-0.7,3.58,7.49,0.62,-2.45,3.07,-4.01
149,smr,San Marino,2.57,0.17,-0.16,0.7,2.77,2.35,2.39,2.72,3.72,2.87,1.5,-0.22,-1.03,6.82,5.19,7.61,3.49,1.23,6.35,7.82,1.0,4.25,-0.98,2.47,3.18,1.08,2.52,5.82,-1.71,-11.43,-6.72,-9.57,-8.33,-2.15,-1.89,1.46,1.75,0.1,0.97,2.54,-10.16
150,stp,Sao Tome and Principe,-3.42,-12.53,1.23,-5.71,-7.86,7.16,-7.77,-4.91,-0.17,0.92,-4.27,-0.62,-0.79,-0.06,0.97,0.67,0.08,-0.52,0.89,0.83,-1.25,1.22,0.51,4.47,1.59,4.55,6.28,0.39,5.14,-0.34,4.01,2.05,1.02,2.81,4.57,1.98,2.22,1.91,1.02,-0.6,-8.64
151,sau,Saudi Arabia,2.91,1.54,-4.01,-15.68,-5.61,-11.75,-10.57,0.17,-0.96,-0.29,12.36,17.41,6.39,1.09,3.19,2.91,5.5,3.98,5.8,-1.13,8.37,1.2,-0.57,13.77,10.47,8.16,5.45,4.6,9.21,-2.01,-0.82,6.7,2.2,-0.37,0.75,1.48,-0.6,-2.71,0.61,-1.33,-6.03
152,sen,Senegal,-6.35,-3.86,11.57,-0.7,-7.62,0.55,1.55,0.83,1.8,-5.04,0.95,-0.47,-1.73,-1.61,-2.79,2.59,-0.54,0.66,3.44,3.89,0.79,2.1,-1.77,4.07,3.24,2.96,-0.17,2.2,1.3,-0.64,0.76,-1.31,2.23,-0.02,3.66,3.42,3.41,4.44,3.46,2.42,-1.91
153,srb,Serbia,0.35,2.33,1.35,-1.45,2.27,0.52,3.93,-1.11,-0.9,2.33,-10.37,-8.52,-25.32,-28.32,5.83,9.22,6.37,7.51,3.73,-9.1,6.47,7.06,6.48,4.61,9.28,5.85,5.52,6.87,6.11,-2.34,1.14,2.85,-0.2,3.39,-1.13,2.31,3.88,2.65,5.07,4.81,-0.58
154,syc,Seychelles,-2.95,-6.49,-1.11,-1.29,8.32,10.59,1.5,4.7,5.48,10.32,7.51,1.4,6.67,4.01,-3.41,-2.27,3.39,10.66,6.3,-0.11,0.61,-2.36,-1.83,-4.82,-2.49,8.5,7.15,9.86,-4.31,-1.49,3.04,10.76,0.27,4.08,2.89,2.62,3.17,3.11,2.77,4.38,-14.07
155,sle,Sierra Leone,-0.11,1.07,-1.19,-3.04,1.18,-0.78,-1.71,0.75,-0.81,0.03,-1.37,1.67,-19.0,1.81,-1.51,-7.88,1.55,-6.37,0.71,-3.76,3.81,-9.68,21.03,4.37,2.03,0.59,0.94,5.16,2.92,0.9,3.0,3.92,12.62,18.05,2.27,-22.31,3.78,1.99,1.26,3.31,-4.32
156,sgp,Singapore,9.86,6.58,3.59,8.21,7.82,0.13,2.4,10.14,9.34,7.99,7.9,3.7,3.48,8.68,7.67,3.99,3.19,4.74,-5.46,4.88,7.17,-3.7,2.97,6.09,8.45,4.86,5.65,4.57,-3.41,-2.85,12.51,4.14,1.93,3.15,2.6,1.77,1.91,4.24,2.95,-0.41,-6.51
157,svk,Slovak Republic,1.14,-2.0,0.5,0.07,0.88,-0.66,3.74,2.01,1.61,0.71,-2.71,-14.74,-6.52,1.51,5.79,5.53,6.39,5.73,3.94,-0.21,1.3,3.44,4.55,5.57,5.3,6.61,8.49,10.8,5.48,-5.58,5.77,2.71,1.72,0.56,2.54,4.72,2.0,2.88,3.63,2.18,-5.33
158,svn,Slovenia,-0.81,-0.85,-1.69,-0.21,1.17,0.26,2.42,-1.09,-3.49,-1.03,-8.61,-8.96,-5.32,3.09,5.45,4.08,3.27,5.19,3.5,5.26,3.37,3.05,3.38,2.9,4.29,3.62,5.41,6.38,3.35,-8.38,0.9,0.65,-2.84,-1.16,2.67,2.13,3.12,4.73,4.01,2.49,-6.21
159,slb,Solomon Islands,-8.83,10.12,-0.23,10.48,-1.67,-1.85,16.71,0.01,1.24,5.66,-0.58,3.05,9.56,1.09,5.08,7.03,-1.21,-3.65,-1.47,-3.19,-16.58,-10.41,-5.36,3.77,3.97,2.98,2.43,2.11,3.45,0.2,6.01,4.57,-0.8,2.52,-1.66,-1.28,3.09,2.59,1.27,-1.37,-6.38
160,som,Somalia,-3.68,3.46,2.54,-10.59,4.79,10.46,-2.39,9.14,-1.74,-1.25,-2.11,-0.97,-11.73,0.49,-21.18,-1.09,1.73,-5.4,-0.98,-0.33,-0.33,0.0,0.66,0.66,0.49,0.33,-0.16,0.0,0.0,0.0,-0.16,0.0,0.33,0.49,0.32,0.32,0.32,0.32,0.32,0.0,-4.28
161,zaf,South Africa,3.89,2.56,-3.09,-4.52,2.29,-3.75,-2.43,-0.29,1.81,0.02,-2.68,-3.43,-4.55,-1.22,0.83,0.93,2.31,0.82,-1.1,0.88,2.74,1.34,2.4,1.7,3.29,3.98,4.28,4.01,1.82,-2.9,1.55,1.72,0.61,0.85,0.25,-0.34,-1.06,0.0,-0.57,-1.18,-8.28
162,ssd,South Sudan,-2.09,-0.64,9.55,-3.89,-7.84,-9.46,1.4,0.48,-0.33,5.89,-10.27,3.84,2.28,0.19,-0.76,0.29,2.43,7.07,3.0,4.6,6.58,3.18,3.12,4.2,2.32,5.81,7.28,8.67,0.54,0.38,1.43,-7.77,-47.59,10.49,1.42,-12.13,-12.14,10.13,-4.1,-2.16,-9.31
163,esp,Spain,3.13,-0.1,1.8,2.08,1.2,3.38,4.44,7.5,6.89,7.01,5.37,2.29,0.44,-1.54,1.9,2.3,2.23,3.27,3.96,4.07,4.78,3.21,1.29,1.14,1.36,1.92,2.36,1.7,-0.71,-4.61,-0.3,-1.17,-3.02,-1.11,1.69,3.92,2.94,2.73,1.98,1.35,-10.98
164,lka,Sri Lanka,3.15,4.04,2.86,3.23,3.15,2.38,3.04,-0.95,0.71,0.72,4.58,3.35,3.22,5.78,4.61,4.64,3.1,5.81,4.17,3.75,5.35,-2.24,3.14,5.05,4.56,5.38,6.84,6.01,5.2,2.82,7.28,7.68,9.0,2.59,3.99,4.05,3.34,2.41,2.23,1.66,-4.16
165,sdn,Sudan,-1.94,-0.52,9.83,-3.84,-7.42,-8.64,1.62,0.83,0.2,6.24,-9.91,4.77,3.85,1.88,-1.61,3.23,3.13,7.62,1.5,0.31,3.44,3.58,3.5,4.77,1.02,4.54,7.05,8.49,4.91,0.53,-2.88,13.56,9.65,1.92,0.23,2.41,2.22,1.81,-4.63,-4.86,-6.07
166,sur,Suriname,-8.25,7.49,-3.88,-3.77,-2.02,13.36,-2.65,-8.53,7.03,2.9,-5.35,0.75,-1.43,-8.31,1.72,-1.53,-0.43,4.31,1.04,-2.57,0.89,2.97,1.59,5.06,7.24,3.29,4.57,3.9,2.95,1.83,3.97,4.65,1.54,1.8,-0.83,-4.42,-6.52,0.76,1.6,-0.66,-14.48
167,swz,Swaziland,-1.04,3.94,-1.02,-3.48,-0.62,-1.19,14.64,6.46,3.05,5.48,6.25,-0.99,0.64,0.7,0.15,2.65,1.79,1.19,0.88,1.48,0.61,0.24,3.82,3.5,3.27,5.56,5.43,3.78,0.12,0.84,3.08,1.56,4.68,3.14,0.16,1.37,0.2,1.05,1.34,1.18,-4.37
168,swe,Sweden,1.67,0.06,1.14,1.91,4.07,1.97,2.15,2.89,1.87,1.89,0.68,-1.82,-1.74,-2.63,3.19,3.39,1.42,3.01,4.25,4.17,4.6,1.18,1.86,1.93,3.93,2.45,4.08,2.68,-1.22,-5.15,5.05,2.42,-1.32,0.33,1.64,3.39,0.8,1.2,0.77,0.18,-3.3
169,che,Switzerland,4.34,1.1,-2.01,-0.23,2.06,2.73,0.96,0.69,2.33,3.27,2.49,-2.15,-1.14,-1.03,0.47,-0.19,0.1,2.09,2.68,1.21,3.35,0.67,-0.59,-0.7,2.07,2.46,3.34,3.19,0.86,-3.44,1.94,0.57,-0.06,0.69,1.21,0.19,0.62,0.85,2.0,0.22,-3.67
170,syr,Syria,8.29,5.88,-1.52,-2.18,-7.46,2.39,-8.24,-1.58,9.48,-11.88,4.03,3.71,6.13,0.7,-1.02,-1.13,-3.44,-7.26,-0.95,-8.95,-3.67,-2.07,0.27,-7.21,0.93,-0.19,-1.93,-1.77,-2.64,-0.21,-1.0,-8.31,-19.23,-14.6,-14.26,-13.77,1.38,4.87,3.33,-1.05,2.13
171,twn,Taiwan,5.23,4.35,1.84,6.96,9.07,3.7,10.57,14.99,3.49,7.19,4.2,6.9,6.89,5.45,6.19,5.23,4.97,4.68,2.96,5.56,5.17,-2.18,4.66,3.37,5.74,4.67,4.76,5.76,0.0,-2.27,10.04,3.15,1.66,1.95,3.76,0.47,1.19,3.18,2.67,2.9,3.05
172,tjk,Tajikistan,-3.01,-3.38,-3.44,-0.4,-2.68,-3.21,-2.16,-6.52,7.93,-11.27,-4.57,-9.11,-30.31,-17.76,-22.49,-13.72,-17.93,0.19,3.76,2.14,6.64,7.81,8.97,8.98,8.37,4.65,4.99,5.62,5.71,1.71,4.22,5.03,5.07,4.94,4.21,3.49,4.29,4.99,4.7,4.48,2.48
173,tza,Tanzania,-0.94,-2.99,-0.64,-2.35,0.41,-2.16,1.21,2.63,1.89,1.29,1.51,-1.26,-2.78,-2.15,-1.62,0.58,1.82,1.05,1.34,2.44,1.98,3.34,4.22,3.73,4.51,4.49,3.58,3.8,2.73,2.29,3.29,4.55,1.44,3.64,3.58,3.03,3.71,3.64,2.35,2.72,-1.9
174,tha,Thailand,1.69,3.27,2.79,3.09,3.36,2.36,3.27,7.23,10.95,9.9,8.94,7.28,7.0,7.27,7.01,7.04,4.49,-3.9,-8.74,3.37,3.37,2.49,5.27,6.39,5.56,3.52,4.34,4.85,1.19,-1.19,6.99,0.36,6.74,2.22,0.55,2.72,3.04,3.71,3.82,2.07,-6.32
175,tls,Timor-Leste,3.41,3.4,3.38,3.24,3.11,3.09,3.07,2.95,2.82,2.9,2.68,5.54,4.78,4.83,5.43,6.42,9.3,4.07,-2.0,-36.03,14.22,14.17,-8.87,-4.7,-2.16,0.61,-6.12,8.11,9.33,8.06,7.53,3.94,4.16,0.32,2.58,1.02,1.42,-5.95,-2.98,16.41,-9.75
176,tgo,Togo,-7.69,-9.74,-7.3,-8.73,2.02,-0.21,-0.53,-6.1,6.04,0.27,2.03,-2.98,-6.0,-16.85,12.43,5.15,5.77,10.88,-5.39,-0.69,-3.68,-1.93,1.14,4.05,-3.46,-7.11,-0.04,-3.8,1.27,2.71,3.28,3.59,3.75,3.35,3.2,3.07,2.93,1.8,2.4,2.82,-1.73
177,ton,Tonga,15.04,14.01,15.51,6.81,2.56,6.94,1.92,2.39,-2.8,-0.66,-3.08,6.22,0.09,3.57,4.75,7.11,1.49,0.86,2.02,3.23,0.37,3.21,4.28,1.73,-3.02,-0.6,-0.94,-0.58,3.94,-5.67,0.71,7.26,1.63,1.27,2.77,1.42,6.2,2.45,-0.87,-0.52,-0.34
178,tto,Trinidad and Tobago,4.52,1.12,-9.11,-11.11,2.26,-7.41,-6.55,-7.7,-6.71,-3.52,-0.99,2.44,9.42,-1.22,3.08,3.42,6.85,7.33,7.97,7.83,6.63,3.8,7.47,13.88,7.4,5.69,12.68,4.28,2.92,-4.86,2.76,-0.89,0.62,1.56,-1.54,1.23,-6.79,-2.77,-0.66,-0.37,-8.13
179,tun,Tunisia,4.31,2.51,-2.82,2.36,0.54,2.63,-4.32,3.74,-2.45,1.26,5.39,1.62,5.48,0.07,1.2,0.59,5.5,4.01,3.52,4.91,3.69,2.89,0.53,3.92,5.42,2.62,4.27,5.64,3.14,1.95,2.44,-2.89,2.99,1.88,1.95,0.14,0.05,0.76,1.49,-0.08,-9.72
180,tur,Turkey,-1.38,2.96,3.71,2.48,4.6,4.08,6.04,7.84,3.07,0.4,8.47,-0.97,3.32,5.93,-6.18,6.18,5.69,5.89,0.81,-4.75,5.32,-7.15,4.89,4.25,8.29,7.56,5.62,3.8,-0.38,-6.03,6.92,9.51,3.09,6.66,3.17,4.33,1.65,5.81,1.44,-0.43,0.56
181,tkm,Turkmenistan,-1.57,-1.18,-1.11,-0.35,-3.14,-1.78,0.55,0.09,6.84,-10.17,-1.77,-7.25,-17.38,-1.31,-19.4,-9.25,4.72,-12.78,5.68,15.13,4.3,3.25,-0.74,2.25,3.94,11.82,9.69,9.69,13.17,4.57,7.5,12.77,9.12,8.18,8.28,4.61,4.38,4.74,4.51,4.76,-0.7
182,tuv,Tuvalu,-8.23,-8.23,-20.52,-1.85,5.63,-3.58,-2.28,7.92,8.44,-3.61,13.78,2.31,1.82,3.18,9.59,-5.47,-6.21,10.0,15.39,-1.71,-1.48,0.67,6.63,-4.63,-2.78,-5.04,0.93,5.3,7.01,-5.44,-3.71,6.47,-4.78,3.44,0.29,7.89,1.88,2.77,1.27,8.46,0.14
183,uga,Uganda,-6.12,0.63,4.71,3.72,-12.05,-1.8,-3.73,1.61,2.24,2.38,-0.28,2.03,0.03,4.86,3.08,8.14,5.86,2.08,1.92,4.94,0.1,2.0,5.37,3.14,3.46,3.02,7.35,5.05,5.33,3.47,2.32,5.96,0.59,0.29,1.64,1.57,1.02,-0.01,2.28,3.07,-5.43
184,ukr,Ukraine,2.22,3.83,3.87,5.09,3.12,0.11,1.27,3.61,1.61,4.95,-3.75,-8.6,-9.96,-14.27,-22.55,-11.5,-9.2,-2.11,-1.02,0.75,6.97,10.36,6.25,10.41,12.96,3.75,8.17,8.24,2.86,-14.38,4.25,5.85,0.49,0.2,-1.14,-9.44,2.65,2.92,3.93,3.83,-3.64
185,are,United Arab Emirates,14.13,-4.2,-13.65,-10.2,-1.28,-7.71,-24.28,-0.6,-7.29,6.06,9.23,-1.62,0.08,-0.97,6.01,5.87,4.24,7.23,-0.02,2.81,10.84,0.76,1.76,6.88,5.0,-2.13,7.73,-11.35,-10.21,-15.15,-5.91,2.19,2.26,4.41,4.1,4.55,1.98,1.01,-0.32,0.23,-8.71
186,gbr,United Kingdom,-1.73,-1.36,1.69,3.53,2.41,3.31,4.13,4.48,4.72,1.95,0.15,-1.41,0.13,2.24,3.58,2.26,2.23,3.59,3.34,3.08,3.07,2.58,1.89,2.81,1.79,2.47,2.04,1.64,-1.06,-4.97,1.15,0.75,0.78,1.46,1.85,1.55,1.15,1.2,0.73,0.89,-10.32
187,usa,United States,-1.3,1.33,-2.98,3.07,6.18,2.78,2.33,2.42,3.09,2.31,0.44,-1.43,2.1,1.41,2.76,1.47,2.57,3.2,3.27,3.56,2.98,0.0,0.8,1.98,2.84,2.56,1.87,0.91,-1.08,-3.39,1.72,0.82,1.51,1.15,1.78,2.16,0.91,1.73,2.39,1.68,-3.98
188,ury,Uruguay,5.27,0.39,-10.48,-7.05,-2.15,0.55,7.58,6.45,-1.02,-0.07,-0.55,2.81,7.15,1.91,6.5,-2.15,4.83,7.79,3.86,-2.44,-2.28,-4.01,-7.75,0.88,5.07,7.45,3.99,6.34,6.9,3.95,7.5,4.86,3.23,4.31,2.9,0.03,1.33,2.22,1.25,-0.14,-6.03
189,uzb,Uzbekistan,-4.01,1.01,0.53,0.26,-7.38,-1.66,-5.77,-5.59,3.2,-3.54,-8.1,-2.59,-13.26,-4.5,-7.04,-2.67,-0.23,3.24,2.63,3.18,2.41,2.85,2.71,3.03,6.22,5.71,6.15,7.93,7.29,6.24,4.6,4.93,5.81,5.92,5.39,5.59,4.27,2.72,3.63,3.6,-0.3
190,vut,Vanuatu,-13.71,1.65,8.16,18.68,4.56,-1.1,-4.18,-1.75,-1.7,0.93,2.13,0.31,-0.36,-2.15,6.17,-1.42,0.2,2.99,-0.57,-1.48,3.8,-5.57,-7.5,1.65,1.35,2.71,5.89,2.73,3.97,0.83,-0.94,-1.46,-1.04,-0.87,-0.51,-2.51,0.79,1.79,0.38,0.78,-11.57
191,ven,Venezuela,-5.05,-3.2,-2.08,-8.22,-3.94,-2.4,3.62,0.84,3.19,-10.89,3.93,7.72,4.39,-1.39,-3.84,2.26,-1.64,4.8,-1.04,-7.26,2.36,2.18,-10.09,-8.77,16.92,8.98,8.76,6.97,3.64,-4.31,-0.8,3.74,4.52,15.53,-5.19,-7.46,-19.06,-15.37,-16.84,-32.46,-30.34
192,vnm,Vietnam,-5.11,0.93,5.31,2.68,6.1,3.18,0.27,0.87,3.31,1.64,2.48,3.75,6.43,5.95,6.84,7.7,7.68,6.66,4.43,3.55,5.62,5.1,5.29,5.9,6.55,6.56,5.99,6.12,4.65,4.37,5.36,5.16,4.16,4.32,4.87,5.57,5.12,5.73,6.02,5.99,1.93
193,pse,Palestine,11.45,-8.99,5.28,-6.85,1.63,-3.91,15.33,-5.96,-4.89,-1.64,14.21,-8.25,18.49,5.65,10.72,2.43,-3.22,9.65,11.45,5.55,-10.86,-11.6,-14.7,11.14,18.85,8.48,-3.49,1.17,4.51,5.73,3.07,6.87,3.51,2.21,-2.47,1.37,6.45,-0.58,-1.3,-1.56,-13.13
194,yem,Yemen,-2.22,3.21,-1.14,2.77,0.89,-3.73,-0.89,0.76,0.94,0.11,-3.44,1.1,2.67,-1.26,1.69,1.28,0.84,1.87,2.97,0.89,3.23,0.88,1.01,0.8,1.04,2.61,0.26,0.42,0.73,0.98,4.76,-15.05,-0.27,2.16,-2.67,-29.85,-11.88,-7.35,-1.59,-0.58,-7.41
195,zmb,Zambia,1.3,4.0,-5.17,-4.46,-2.74,-0.36,-1.69,0.13,4.15,-0.85,6.92,-2.58,-4.11,4.27,-10.82,0.33,3.45,1.02,-3.1,1.82,1.15,2.6,1.84,4.24,4.31,4.47,5.09,5.5,4.88,6.19,7.13,2.42,4.31,1.81,1.48,-0.19,0.71,0.49,1.05,-1.45,-6.36
196,zwe,Zimbabwe,7.94,9.67,0.78,-1.35,-4.77,3.86,-0.12,-4.06,6.4,4.05,-0.12,3.08,-10.85,-0.7,7.6,-1.15,9.11,1.69,2.06,-1.45,-3.54,1.08,-9.13,-17.19,-6.1,-6.15,-4.09,-4.44,-18.49,10.7,18.07,12.45,14.7,0.19,0.6,0.1,-0.79,3.19,3.36,-9.4,-9.72
