,geo,name,1980,1981,1982,1983,1984,1985,1986,1987,1988,1989,1990,1991,1992,1993,1994,1995,1996,1997,1998,1999,2000,2001,2002,2003,2004,2005,2006,2007,2008,2009,2010,2011,2012,2013,2014,2015,2016,2017,2018,2019,2020
0,afg,Afghanistan,13356500,13171679,12882518,12537732,12204306,11938204,11736177,11604538,11618008,11868873,12412311,13299016,14485543,15816601,17075728,18110662,18853444,19357126,19737770,20170847,20779957,21606992,22600774,23680871,24726689,25654274,26433058,27100542,27722281,28394806,29185511,30117411,31161378,32269592,33370804,34413603,35383028,36296111,37171922,38041757,38928341
1,alb,Albania,2682697,2737018,2790284,2844867,2904142,2969671,3044201,3124892,3200972,3257913,3286070,3280397,3245887,3195196,3146518,3112923,3098699,3099747,3110699,3122700,3129246,3129701,3126183,3118017,3104893,3086810,3063021,3033993,3002683,2973044,2948029,2928601,2914091,2903788,2896307,2890524,2886427,2884169,2882735,2880913,2877800
2,dza,Algeria,19221659,19824297,20452901,21101875,21763578,22431507,23102386,23774287,24443472,25106192,25758872,26400468,27028330,27635517,28213777,28757788,29266415,29742980,30192750,30623406,31042238,31451513,31855110,32264159,32692153,33149720,33641007,34166976,34730604,35333882,35977451,36661438,37383899,38140135,38923688,39728020,40551398,41389174,42228415,43053054,43851043
3,and,Andorra,36063,37498,39115,40854,42706,44593,46520,48459,50433,52452,54508,56666,58882,60974,62676,63860,64363,64318,64140,64368,65390,67344,70048,73180,76250,78871,80995,82682,83860,84461,84454,83748,82427,80770,79213,77993,77295,76997,77008,77146,77265
4,ago,Angola,8341290,8640478,8952971,9278104,9614756,9961993,10320116,10689247,11068051,11454784,11848385,12248901,12657361,13075044,13503753,13945205,14400722,14871572,15359600,15866871,16395477,16945753,17519418,18121477,18758138,19433604,20149905,20905360,21695636,22514275,23356247,24220660,25107925,26015786,26941773,27884380,28842482,29816769,30809787,31825299,32866268
5,atg,Antigua and Barbuda,61861,61789,61780,61779,61784,61785,61754,61713,61758,62007,62533,63363,64459,65777,67201,68672,70176,71707,73219,74674,76007,77212,78298,79311,80347,81462,82715,84029,85394,86743,88030,89250,90407,91510,92562,93571,94520,95425,96282,97115,97928
6,arg,Argentina,27896532,28338514,28794550,29262049,29737097,30216284,30698964,31184411,31668939,32148137,32618648,33079002,33529320,33970103,34402669,34828168,35246376,35657438,36063451,36467218,36870796,37275644,37681743,38087866,38491970,38892924,39289876,39684303,40080159,40482786,40895751,41320497,41755188,42196034,42637508,43075416,43508459,43937143,44361150,44780675,45195777
7,arm,Armenia,3099759,3148096,3193696,3238592,3285593,3335935,3392264,3451947,3504667,3536473,3538164,3505249,3442820,3363111,3283664,3217349,3168213,3133081,3108691,3089020,3069597,3050686,3033976,3017938,3000715,2981262,2958301,2932615,2907615,2888094,2877314,2876536,2884239,2897593,2912403,2925559,2936147,2944789,2951741,2957728,2963234
8,aus,Australia,14588400,14777241,14979203,15194644,15423156,15663672,15917580,16183159,16452258,16713989,16960600,17189235,17402179,17603211,17798526,17993083,18189274,18387205,18587027,18788187,18991434,19194676,19401366,19624163,19879654,20178543,20526300,20916339,21332293,21750852,22154687,22538002,22903951,23254912,23596426,23932499,24262710,24584619,24898153,25203200,25499881
9,aut,Austria,7609750,7604512,7602177,7603100,7607296,7614874,7625395,7639351,7658856,7686564,7723954,7772698,7830938,7892089,7947215,7990113,8017852,8032873,8041054,8051116,8069276,8097755,8134403,8175855,8216810,8253656,8285345,8313731,8341525,8372658,8409945,8453501,8502230,8556191,8615205,8678667,8747306,8819902,8891383,8955108,9006400
10,aze,Azerbaijan,6150735,6249312,6349555,6452067,6557581,6666447,6778631,6893486,7010027,7126877,7242758,7357945,7471924,7581754,7683704,7775418,7855558,7925668,7989903,8054126,8122743,8197295,8277065,8361433,8448938,8538610,8630153,8724237,8821869,8924383,9032465,9146277,9264684,9385467,9505616,9622741,9736041,9845316,9949537,10047719,10139175
11,bhs,Bahamas,210589,215321,220182,225095,229913,234579,239020,243265,247451,251738,256227,261007,266028,271065,275849,280179,283980,287363,290600,294063,298045,302618,307657,313123,318893,324848,331032,337387,343680,349600,354936,359583,363581,367162,370625,374200,377923,381749,385635,389486,393248
12,bhr,Bahrain,359897,374120,385953,396451,407233,419428,433478,448981,465198,481081,495927,509762,523082,536212,549590,563698,578661,594927,613697,636540,664610,697550,735140,778708,829846,889157,958423,1035924,1114645,1185075,1240864,1278153,1299942,1315029,1336073,1371853,1425793,1494077,1569440,1641164,1701583
13,bgd,Bangladesh,79639498,81767516,83932132,86142490,88416529,90764180,93187593,95671159,98186350,100695496,103171957,105599125,107983708,110350641,112737684,115169933,117649927,120160571,122682818,125189655,127657862,130088709,132478077,134791598,136986429,139035505,140921154,142660381,144304164,145924795,147575433,149273134,151005733,152761413,154517385,156256287,157977151,159685421,161376713,163046173,164689383
14,brb,Barbados,252388,253296,254078,254791,255493,256260,257117,258012,258970,259961,260933,261912,262890,263869,264893,265955,267047,268183,269334,270455,271511,272494,273423,274331,275283,276320,277475,278701,279946,281107,282131,282987,283698,284294,284825,285327,285798,286229,286640,287021,287371
15,blr,Belarus,9569847,9636152,9703088,9770125,9836582,9901493,9965178,10026470,10081209,10124000,10151135,10160785,10154338,10135133,10108280,10077606,10044854,10009393,9969986,9924440,9871635,9811399,9745932,9679235,9616628,9562083,9516884,9480514,9452855,9433159,9420576,9415316,9417045,9423502,9431742,9439424,9445638,9450233,9452615,9452409,9449321
16,bel,Belgium,9868999,9880594,9889819,9897877,9906370,9916577,9928539,9942281,9959011,9980175,10006545,10039450,10078098,10118684,10155909,10186304,10208265,10223785,10237298,10255161,10282046,10319026,10364879,10419029,10480118,10546885,10619484,10697576,10778764,10859934,10938735,11013860,11085355,11154008,11221225,11287931,11354407,11419752,11482180,11539326,11589616
17,blz,Belize,144142,147572,151486,155820,160341,164918,169569,174333,179023,183471,187554,191136,194324,197625,201679,206962,213660,221575,230248,238979,247310,255068,262387,269428,276516,283798,291338,299031,306822,314655,322465,330236,338001,345707,353366,360926,368399,375775,383071,390351,397621
18,ben,Benin,3717161,3820126,3927717,4039940,4156819,4278502,4404504,4535262,4672844,4820020,4978489,5149496,5331805,5521761,5714215,5905552,6094272,6281644,6470275,6664102,6865946,7076728,7295400,7520556,7750003,7982223,8216893,8454790,8696915,8944713,9199254,9460829,9729254,10004594,10286839,10575962,10872072,11175192,11485035,11801151,12123198
19,btn,Bhutan,406883,418107,428938,439823,451471,464264,478683,494313,509532,522173,530801,534637,534525,532590,531905,534629,541471,551713,564378,577886,591014,603643,616025,627840,638809,648744,657404,664873,671611,678329,685502,693297,701582,710235,719053,727885,736706,745563,754396,763094,771612
20,bol,Bolivia,5579932,5697098,5814344,5932812,6054126,6179460,6309129,6442824,6580318,6721117,6864839,7011456,7160917,7312857,7466792,7622334,7779268,7937453,8096761,8257066,8418270,8580244,8742822,8905820,9069044,9232301,9395449,9558438,9721457,9884790,10048597,10212951,10377677,10542375,10706517,10869732,11031822,11192853,11353140,11513102,11673029
21,bih,Bosnia and Herzegovina,4179850,4222479,4265183,4307907,4350566,4392135,4435925,4479516,4509462,4507819,4463422,4369320,4233673,4078940,3936527,3829049,3764419,3736070,3734338,3743353,3751176,3755514,3759389,3762179,3764194,3765332,3765422,3762791,3754261,3735945,3705478,3661173,3604972,3542598,3482106,3429362,3386263,3351534,3323929,3300998,3280815
22,bwa,Botswana,897860,930412,962859,996124,1031439,1069585,1110948,1154904,1200073,1244484,1286756,1326321,1363541,1399110,1434061,1469173,1504724,1540424,1575827,1610260,1643333,1674674,1704637,1734387,1765533,1799077,1835911,1875458,1915636,1953495,1987106,2015406,2039551,2062551,2088619,2120716,2159925,2205076,2254067,2303703,2351625
23,bra,Brazil,120694012,123570327,126498322,129448815,132383569,135274083,138108915,140891606,143627505,146328305,149003225,151648007,154259382,156849086,159432717,162019889,164614682,167209046,169785253,172318674,174790339,177196051,179537523,181809244,184006479,186127108,188167353,190130445,192030362,193886505,195713637,197514541,199287292,201035904,202763744,204471759,206163056,207833825,209469320,211049519,212559409
24,brn,Brunei,193880,200027,206064,212073,218176,224440,230917,237565,244405,251456,258714,266208,273888,281684,289452,297112,304620,311962,319135,326214,333166,340037,346777,353295,359434,365112,370262,374967,379418,383902,388634,393687,398997,404414,409778,414914,419791,424481,428960,433296,437483
25,bgr,Bulgaria,8878787,8905097,8930708,8953122,8968909,8975353,8972555,8960554,8936652,8897541,8841466,8767000,8676379,8576042,8474822,8379305,8291970,8211804,8137669,8067005,7997951,7930700,7866242,7804306,7744630,7686964,7631020,7576675,7524084,7473509,7425011,7378652,7334007,7290092,7245648,7199739,7151948,7102452,7051610,7000117,6948445
26,bfa,Burkina Faso,6822837,6985166,7158259,7340910,7531239,7727908,7930689,8140080,8356313,8579818,8811033,9050086,9297110,9552473,9816584,10089880,10372734,10665552,10968722,11282696,11607951,11944589,12293097,12654624,13030576,13421935,13829173,14252029,14689725,15141098,15605211,16081915,16571252,17072791,17586029,18110616,18646350,19193236,19751466,20321383,20903278
27,bdi,Burundi,4157296,4266520,4379727,4497544,4621096,4750832,4886745,5027143,5168703,5307069,5438959,5564923,5685569,5798054,5898964,5987044,6060110,6122130,6185564,6267132,6378871,6525546,6704118,6909161,7131688,7364857,7607850,7862226,8126104,8397661,8675606,8958406,9245992,9540302,9844301,10160034,10488002,10827010,11175379,11530577,11890781
28,khm,Cambodia,6693759,6749849,6919803,7170004,7447844,7714894,7960952,8198082,8435909,8691331,8975597,9289298,9623899,9970727,10317901,10656145,10982919,11298594,11600510,11886464,12155241,12405411,12637719,12856171,13066475,13273355,13477705,13679953,13883835,14093605,14312205,14541421,14780454,15026330,15274506,15521435,15766290,16009413,16249795,16486542,16718971
29,cmr,Cameroon,8621409,8888534,9166813,9456496,9757849,10070806,10395481,10731058,11075423,11425807,11780086,12137912,12499499,12864091,13230978,13599984,13970812,14344444,14723772,15112598,15513944,15928910,16357605,16800869,17259322,17733408,18223677,18730283,19252674,19789922,20341236,20906392,21485267,22077300,22681853,23298376,23926549,24566070,25216261,25876387,26545864
30,can,Canada,24416885,24668159,24916538,25171436,25444886,25744807,26075504,26432894,26806125,27179497,27541323,27888813,28224410,28547964,28860734,29164153,29457820,29742378,30022078,30302511,30588379,30880072,31178260,31488046,31815490,32164313,32536994,32930795,33337638,33746093,34147566,34539156,34922031,35296535,35664338,36026668,36382942,36732091,37074558,37411038,37742157
31,cpv,Cape Verde,283848,288678,294244,300226,306140,311668,316613,321137,325744,331180,337953,346229,355763,366057,376409,386288,395533,404248,412513,420456,428178,435701,442955,449925,456619,463034,469171,475067,480846,486667,492644,498858,505241,511740,518276,524740,531140,537499,543764,549936,555988
32,caf,Central African Republic,2199359,2264441,2335339,2408322,2478382,2542170,2597765,2646836,2693974,2745735,2806740,2878507,2959236,3046148,3135017,3222662,3308235,3392432,3475485,3558019,3640421,3722016,3802129,3881185,3959883,4038380,4118075,4198004,4273368,4337623,4386765,4418639,4436411,4447945,4464171,4493171,4537683,4596023,4666375,4745179,4829764
33,tcd,Chad,4514427,4612858,4718157,4832316,4957561,5095400,5247281,5412844,5589624,5773930,5963250,6157085,6356741,6563925,6781057,7010159,7250974,7503494,7770053,8053532,8355654,8678049,9019226,9373913,9734761,10096630,10457122,10818031,11183589,11560142,11952134,12360986,12784748,13220433,13663562,14110971,14561658,15016761,15477727,15946882,16425859
34,chl,Chile,11419350,11582020,11743909,11907955,12078137,12257238,12445833,12642917,12847712,13058758,13274617,13495255,13719818,13944934,14166346,14380864,14587367,14786227,14977736,15162801,15342350,15516112,15684413,15849649,16014972,16182713,16354507,16530201,16708255,16886184,17062531,17233584,17400359,17571511,17758969,17969356,18209072,18470435,18729166,18952035,19116209
35,chn,China,1000089228,1014022211,1027948989,1042431401,1058171973,1075589363,1095014106,1116095475,1137724234,1158357393,1176883681,1192897277,1206711243,1218817059,1230020026,1240920539,1251636178,1261996017,1271982349,1281514833,1290550767,1299129747,1307352256,1315303522,1323084639,1330776380,1338408644,1345993891,1353569480,1361169410,1368810604,1376497633,1384206408,1391883335,1399453966,1406847868,1414049353,1421021794,1427647789,1433783692,1439323774
36,col,Colombia,26900508,27496608,28101824,28714183,29331230,29951194,30572479,31195417,31822527,32457497,33102569,33758328,34422568,35091272,35758978,36421438,37076387,37723803,38364307,38999468,39629965,40255956,40875363,41483872,42075953,42647731,43200901,43737512,44254972,44750054,45222699,45662747,46075721,46495492,46967706,47520667,48175048,48909844,49661056,50339443,50882884
37,com,Comoros,307831,317617,326944,336088,345455,355337,365765,376647,387964,399638,411598,423873,436454,449270,462280,475394,488625,501955,515382,528853,542358,555895,569480,583213,597230,611625,626427,641624,657227,673251,689696,706578,723865,741511,759390,777435,795597,813890,832322,850891,869595
38,cod,"Congo, Dem. Rep.",26358905,27040329,27717293,28403858,29119663,29881222,30683877,31528702,32443784,33464767,34612023,35908240,37333917,38815835,40252973,41576239,42757239,43827191,44849968,45919615,47105830,48428534,49871670,51425583,53068869,54785894,56578046,58453687,60411195,62448572,64563853,66755151,69020749,71358804,73767445,76244532,78789130,81398765,84068092,86790568,89561404
39,cog,"Congo, Rep.",1777932,1830629,1884873,1940454,1996994,2054308,2112359,2171319,2231462,2293161,2356740,2422312,2489945,2559880,2632345,2707532,2785815,2867283,2951651,3038432,3127420,3217930,3310376,3406915,3510468,3622775,3745143,3876123,4011487,4145400,4273738,4394842,4510197,4622757,4736965,4856093,4980996,5110701,5244363,5380504,5518092
40,cri,Costa Rica,2389973,2455593,2523358,2593015,2664220,2736719,2810245,2884856,2960932,3039015,3119436,3202083,3286525,3372298,3458829,3545524,3632361,3718952,3803893,3885428,3962369,4034074,4100922,4164053,4225156,4285504,4345421,4404626,4463123,4520739,4577371,4633086,4688003,4742111,4795390,4847805,4899336,4949955,4999443,5047561,5094114
41,civ,Cote d'Ivoire,8033652,8393689,8764991,9144940,9530103,9918204,10307268,10698188,11094740,11502453,11924873,12362404,12812428,13271638,13735438,14199759,14665125,15130674,15589407,16032573,16454660,16853027,17231539,17599613,17970493,18354513,18754914,19171250,19605568,20059147,20532944,21028652,21547188,22087506,22647672,23226148,23822726,24437475,25069226,25716554,26378275
42,hrv,Croatia,4598125,4621420,4645404,4669621,4693424,4716123,4737954,4758154,4773684,4780629,4776370,4760003,4732866,4697537,4657800,4616763,4574888,4532405,4491906,4456446,4428075,4408073,4395802,4388909,4383877,4378066,4370782,4362427,4352639,4341261,4328163,4313098,4295869,4276593,4255518,4232874,4208611,4182847,4156407,4130299,4105268
43,cub,Cuba,9849457,9898891,9940314,9981303,10031651,10097910,10183894,10286645,10397519,10503967,10596986,10673534,10736386,10789312,10838461,10888246,10939285,10989730,11038706,11084673,11126423,11164676,11199664,11229185,11250369,11261586,11261241,11251117,11236975,11226711,11225833,11236671,11257112,11282722,11306909,11324777,11335108,11339255,11338146,11333484,11326616
44,cyp,Cyprus,685408,689170,691716,694076,697715,703694,712335,723384,736476,751043,766616,783121,800610,818750,837104,855391,873426,891190,908710,926049,943288,960274,976968,993562,1010410,1027657,1045508,1063708,1081568,1098089,1112617,1124837,1135046,1143866,1152297,1160987,1170189,1179685,1189262,1198574,1207361
45,cze,Czech Republic,10349084,10365523,10365264,10354100,10340629,10331144,10327290,10327472,10330925,10335875,10340877,10346458,10353021,10358694,10360964,10358190,10350302,10338346,10323244,10306404,10289374,10271019,10252264,10239131,10239444,10258165,10298609,10357535,10425267,10488155,10536514,10566512,10581302,10586529,10591104,10601390,10618868,10641032,10665679,10689213,10708982
46,dnk,Denmark,5123945,5125296,5123349,5119607,5116055,5114250,5114645,5117282,5122442,5130362,5141117,5154906,5171654,5190745,5211334,5232709,5254857,5277713,5300380,5321771,5341192,5358059,5372798,5386968,5402754,5421701,5444293,5469920,5497731,5526389,5554849,5582980,5610909,5638152,5664199,5688695,5711346,5732277,5752131,5771877,5792203
47,dji,Djibouti,358960,374934,385268,393800,406018,425608,454359,490337,528993,563855,590393,606843,615050,618504,622364,630385,643649,660858,680465,699973,717577,733019,746947,759639,771599,783248,794554,805456,816361,827820,840194,853671,868136,883296,898707,913998,929117,944100,958923,973557,988002
48,dma,Dominica,75318,75314,75012,74484,73846,73207,72531,71842,71212,70722,70422,70377,70546,70818,71044,71105,70933,70592,70183,69828,69650,69671,69840,70102,70387,70580,70718,70797,70829,70848,70877,70912,70954,71019,71091,71175,71307,71460,71626,71808,71991
49,dom,Dominican Republic,5803929,5935895,6067769,6199657,6331760,6464229,6596967,6729930,6863438,6997877,7133491,7270413,7408339,7546467,7683707,7819239,7952766,8084407,8214427,8343288,8471317,8598599,8724974,8850317,8974444,9097262,9218681,9338856,9458079,9576736,9695117,9813219,9930916,10048226,10165182,10281675,10397738,10513111,10627147,10738957,10847904
50,ecu,Ecuador,7989178,8197648,8409396,8624594,8843463,9066100,9292481,9522362,9755576,9991870,10230931,10472476,10716131,10961460,11207999,11455205,11703169,11951457,12198449,12442109,12681123,12914660,13143465,13369678,13596390,13825839,14059379,14296554,14535740,14774412,15011114,15243885,15474099,15707473,15951832,16212022,16491116,16785356,17084359,17373657,17643060
51,egy,Egypt,43309063,44400113,45539295,46728284,47968643,49258726,50602360,51991696,53399243,54788680,56134478,57424552,58666812,59880656,61095804,62334025,63601632,64892269,66200259,67515591,68831561,70152662,71485044,72826102,74172073,75523576,76873670,78232124,79636081,81134789,82761244,84529251,86422240,88404652,90424668,92442549,94447071,96442590,98423602,100388076,102334403
52,slv,El Salvador,4591135,4666361,4737256,4804936,4871041,4936803,5002339,5067531,5133273,5200608,5270074,5342190,5416327,5490478,5561916,5628602,5689943,5746288,5797764,5844834,5887930,5927001,5962139,5994075,6023801,6052124,6079395,6105810,6131767,6157678,6183877,6210567,6237922,6266076,6295124,6325121,6356137,6388124,6420740,6453550,6486201
53,gnq,Equatorial Guinea,249931,264370,284638,308208,331554,352116,369024,382977,394973,406620,419188,432844,447269,462637,479099,496768,515844,536459,558496,581765,606180,631662,658388,686670,716949,749527,784494,821686,860839,901589,943640,986861,1031191,1076412,1122273,1168575,1215181,1262008,1308966,1355982,1402985
54,eri,Eritrea,1733423,1784557,1836825,1890556,1946299,2003942,2064803,2127421,2185607,2231144,2258649,2266356,2257593,2238631,2218436,2204227,2196467,2195192,2206439,2237412,2292413,2374721,2481059,2600972,2719809,2826653,2918209,2996540,3062782,3119920,3170437,3213969,3250104,3281453,3311444,3342818,3376558,3412894,3452797,3497117,3546427
55,est,Estonia,1474438,1483879,1492640,1501422,1511193,1522405,1536034,1551209,1564200,1569967,1565246,1548220,1520811,1488060,1457090,1433026,1417741,1409678,1406350,1403784,1399111,1391739,1382737,1372904,1363570,1355650,1349373,1344295,1340067,1336140,1332103,1327701,1323163,1319068,1316273,1315330,1316507,1319389,1322913,1325649,1326539
56,eth,Ethiopia,35141703,35984531,36995246,38142679,39374346,40652146,41965696,43329238,44757205,46272308,47887864,49609976,51423591,53295556,55180993,57047906,58883531,60697443,62507724,64343008,66224809,68159422,70142090,72170581,74239508,76346310,78489205,80674343,82916236,85233923,87639962,90139928,92726982,95385793,98094264,100835453,103603461,106399926,109224410,112078727,114963583
57,fji,Fiji,635312,651032,668281,685497,700478,711770,718642,721776,722924,724602,728575,735398,744470,754962,765607,775428,784389,792736,800148,806302,811011,813923,815257,816078,817864,821606,827869,836185,845356,853636,859816,863451,865065,865602,866447,868632,872406,877460,883490,889955,896444
58,fin,Finland,4788247,4809807,4835102,4862171,4888197,4911220,4930342,4946368,4961097,4977118,4996220,5019134,5044928,5071782,5097090,5119012,5136984,5151740,5164236,5175921,5187953,5200475,5213368,5227106,5242175,5258933,5277490,5297741,5319452,5342266,5365784,5390036,5414769,5438984,5461410,5481128,5497714,5511372,5522585,5532159,5540718
59,fra,France,53868006,54121009,54391469,54675370,54965167,55254838,55545271,55837622,56126337,56404303,56666861,56913580,57147213,57370375,57587122,57801887,58012055,58220657,58444245,58704381,59015092,59384126,59803434,60251591,60697977,61120128,61508924,61869229,62209207,62542883,62879535,63222229,63564224,63893521,64193550,64453194,64667590,64842513,64990512,65129731,65273512
60,gab,Gabon,726335,744695,763932,784056,805117,827107,850052,873871,898472,923714,949493,975785,1002573,1029769,1057252,1084951,1112944,1141332,1170061,1199058,1228359,1258008,1288310,1319946,1353788,1390550,1430144,1472565,1518538,1568925,1624146,1684629,1749677,1817070,1883801,1947690,2007882,2064812,2119275,2172578,2225728
61,gmb,Gambia,637252,657581,678111,700198,725688,755791,791141,831011,873440,915631,955595,992671,1027476,1060861,1094219,1128577,1164091,1200522,1238124,1277118,1317708,1360070,1404263,1449925,1496524,1543745,1591444,1639846,1689288,1740277,1793199,1848142,1905020,1963708,2024037,2085860,2149134,2213900,2280092,2347696,2416664
62,geo,Georgia,5017827,5051116,5085141,5121801,5163641,5211454,5267233,5327496,5380820,5411983,5410400,5372996,5303925,5208954,5097126,4976252,4846627,4709596,4575396,4456652,4362184,4296981,4258573,4238930,4225811,4210158,4189722,4166860,4142648,4119490,4099096,4081012,4064097,4048701,4035310,4024180,4015457,4008723,4002946,3996762,3989175
63,deu,Germany,78283101,78107860,77926016,77770210,77682293,77691591,77806136,78015742,78307525,78660301,79053984,79490831,79963166,80428557,80832928,81138653,81323666,81399250,81402671,81389935,81400883,81453894,81535124,81614371,81646474,81602739,81472235,81277836,81065751,80899961,80827001,80855629,80972629,81174373,81450370,81787411,82193770,82658409,83124413,83517046,83783945
64,gha,Ghana,11056112,11348287,11676828,12033559,12405659,12783617,13164839,13552021,13947047,14353409,14773274,15207360,15653345,16106756,16561677,17014058,17462504,17908977,18357159,18812369,19278850,19756929,20246376,20750308,21272328,21814648,22379057,22963946,23563832,24170943,24779614,25387713,25996454,26607641,27224480,27849203,28481947,29121464,29767108,30417858,31072945
65,grc,Greece,9627004,9719839,9796830,9860734,9916481,9968233,10015122,10057292,10101349,10155721,10225990,10315109,10420226,10533811,10644939,10745502,10832139,10906248,10970121,11027899,11082103,11134447,11182308,11218879,11234993,11224800,11185231,11120371,11040312,10959268,10887640,10829074,10781119,10740501,10701460,10659737,10615183,10569449,10522244,10473452,10423056
66,grd,Grenada,89032,90610,93132,96020,98472,99953,100183,99425,98126,96932,96328,96462,97161,98234,99345,100286,101003,101567,102023,102429,102837,103242,103636,104003,104346,104658,104938,105183,105457,105787,106227,106786,107452,108172,108900,109603,110263,110874,111449,112002,112519
67,gtm,Guatemala,7283456,7466481,7654818,7847468,8042895,8240060,8438599,8639105,8842571,9050464,9263820,9483273,9708552,9938699,10172303,10408486,10646676,10887637,11133502,11387208,11650744,11924941,12208854,12500479,12796926,13096028,13397022,13700326,14006420,14316251,14630420,14948792,15270774,15595821,15923238,16252425,16583079,16914979,17247855,17581476,17915567
68,gin,Guinea,4871446,4969595,5077073,5195443,5326369,5470716,5629420,5801323,5982484,6167480,6352282,6534936,6716032,6897171,7081119,7269631,7463782,7662071,7860772,8054745,8240735,8417082,8586077,8753097,8925729,9109585,9307421,9518159,9738796,9964470,10192168,10420459,10652032,10892821,11150970,11432096,11738434,12067516,12414292,12771246,13132792
69,gnb,Guinea-Bissau,781678,793804,810402,830212,851276,872163,892530,912755,933046,953782,975265,997522,1020353,1043421,1066345,1088850,1110835,1132505,1154372,1177133,1201305,1227105,1254454,1283297,1313492,1344931,1377582,1411545,1446936,1483920,1522603,1562996,1604981,1648259,1692433,1737207,1782434,1828146,1874304,1920917,1967998
70,guy,Guyana,780153,781734,781249,778953,775217,770439,764447,757451,750641,745581,743306,744477,748596,754141,758896,761298,760801,757975,753778,749676,746718,745206,744789,745142,745737,746156,746335,746477,746815,747718,749430,752029,755388,759281,763371,767433,771363,775218,779007,782775,786559
71,hti,Haiti,5643175,5773367,5910223,6051617,6194686,6337275,6478537,6618742,6758222,6897755,7037915,7178611,7319491,7460684,7602318,7744509,7887312,8030721,8174680,8319070,8463802,8608810,8754148,8900108,9047082,9195289,9344784,9495336,9646570,9798046,9949318,10100320,10250922,10400672,10549007,10695540,10839976,10982367,11123183,11263079,11402533
72,hos,Holy See,725,723,725,730,733,740,747,751,754,759,762,762,773,780,777,778,784,787,786,788,790,792,792,792,795,798,795,794,792,787,783,786,786,786,785,790,791,798,810,815,809
73,hnd,Honduras,3678274,3792922,3910642,4031333,4154864,4281167,4410270,4542218,4677023,4814696,4955302,5098594,5244677,5394416,5548969,5709010,5874814,6045704,6220405,6397140,6574510,6751912,6929267,7106323,7282953,7458982,7634295,7808520,7980955,8150780,8317467,8480670,8640692,8798524,8955579,9112904,9270794,9429016,9587523,9746115,9904608
74,hkg,"Hong Kong, China",4868744,4971693,5058049,5133705,5207835,5287023,5373445,5464705,5557380,5646276,5727942,5800040,5864745,5928336,5999619,6084234,6185584,6299912,6416996,6522461,6606328,6664775,6701771,6724687,6744563,6769579,6802083,6840017,6881861,6924642,6966324,7006598,7046847,7088780,7134668,7185992,7243541,7306315,7371728,7436157,7496988
75,hun,Hungary,10754286,10746489,10715857,10669203,10616742,10566321,10519296,10474544,10434539,10401614,10377135,10363050,10358622,10359052,10357586,10349308,10332451,10308479,10279610,10249407,10220509,10193451,10167286,10141341,10114481,10085942,10055657,10024158,9991867,9959439,9927380,9895689,9864363,9833923,9804991,9777925,9752970,9729822,9707502,9684680,9660350
76,isl,Iceland,228256,230665,233273,236021,238818,241587,244335,247057,249755,252424,255044,257616,260155,262650,265140,267627,270144,272709,275294,277868,280439,282910,285329,287955,291102,294976,299727,305181,310855,316057,320342,323471,325642,327194,328592,330237,332209,334395,336712,339037,341250
77,ind,India,698952837,715384997,732239498,749428958,766833411,784360012,801975250,819682095,837468938,855334675,873277799,891273202,909307018,927403866,945601828,963922586,982365248,1000900028,1019483586,1038058154,1056575548,1075000094,1093317187,1111523146,1129623466,1147609924,1165486291,1183209471,1200669762,1217726217,1234281163,1250287939,1265780243,1280842119,1295600768,1310152392,1324517250,1338676779,1352642283,1366417756,1380004385
78,idn,Indonesia,147447834,150938222,154468235,158009248,161523353,164982452,168374287,171702756,174975953,178209147,181413398,184591897,187739786,190851184,193917458,196934257,199901231,202826444,205724597,208615171,211513822,214427419,217357790,220309473,223285666,226289468,229318262,232374239,235469755,238620554,241834226,245115988,248451714,251805314,255128076,258383257,261556386,264650969,267670549,270625567,273523621
79,irn,Iran,38650244,40199911,41869231,43636838,45472792,47347197,49260263,51193782,53077312,54822005,56366212,57679025,58780376,59723761,60590608,61442658,62294919,63136309,63971836,64800875,65623397,66449111,67284801,68122947,68951279,69762345,70554756,71336476,72120608,72924833,73762519,74634959,75539881,76481963,77465769,78492208,79563991,80673888,81800204,82913893,83992953
80,irq,Iraq,13653348,14044115,14432466,14815653,15190396,15555807,15909764,16257072,16612319,16994942,17419113,17889457,18402740,18955087,19539348,20149342,20783073,21439579,22114330,22802061,23497589,24208178,24931922,25644503,26313838,26922279,27448124,27911242,28385739,28973157,29741977,30725305,31890012,33157061,34411949,35572269,36610632,37552789,38433604,39309789,40222503
81,irl,Ireland,3384760,3422026,3453785,3479464,3498540,3510978,3516423,3515827,3512179,3509508,3510881,3517704,3529847,3546929,3567918,3592180,3619633,3651096,3687821,3731472,3783095,3842253,3907995,3980077,4058131,4141218,4230619,4324649,4415871,4494572,4554330,4591115,4608199,4615426,4626852,4652420,4695790,4753281,4818694,4882498,4937796
82,isr,Israel,3700916,3770694,3838109,3903954,3969182,4035062,4100543,4167130,4241786,4333578,4448348,4589305,4752826,4929413,5105571,5271368,5424241,5566551,5699279,5824944,5945949,6060679,6169311,6278374,6396511,6529470,6680641,6847148,7020832,7190037,7346446,7487095,7614946,7734834,7854216,7978496,8108984,8243849,8381507,8519373,8655541
83,ita,Italy,56349352,56505476,56644860,56765250,56863131,56936776,56983931,57007737,57018193,57028707,57048237,57088125,57145308,57197610,57213538,57174412,57065231,56903633,56742755,56655629,56692178,56875148,57182521,57564589,57948421,58281209,58542619,58747862,58922116,59105622,59325232,59589070,59879469,60166828,60409622,60578489,60663068,60673694,60627291,60550092,60461828
84,jam,Jamaica,2162839,2196921,2234062,2271735,2306367,2335510,2358165,2375400,2389415,2403464,2419901,2439329,2461047,2484583,2509042,2533705,2558631,2583914,2608874,2632677,2654698,2674706,2692843,2709438,2725017,2740000,2754414,2768229,2781869,2795839,2810464,2825932,2842128,2858710,2875137,2891024,2906242,2920848,2934853,2948277,2961161
85,jpn,Japan,117816942,118732838,119605254,120427643,121189269,121883483,122509119,123072720,123584522,124058517,124505243,124929764,125331300,125707407,126053127,126365486,126644099,126892745,127117436,127326063,127524168,127713824,127893075,128058368,128204183,128326115,128422740,128494050,128538644,128555196,128542349,128498966,128423571,128314189,128168630,127985139,127763267,127502728,127202190,126860299,126476458
86,jor,Jordan,2377997,2464870,2563525,2671413,2784457,2900055,3015294,3131800,3256552,3399333,3565888,3760493,3977667,4201559,4410357,4588842,4732848,4848536,4943975,5031754,5122495,5217328,5317514,5434036,5580241,5765639,5991547,6255290,6556473,6893258,7261541,7662858,8089963,8518992,8918822,9266573,9554286,9785840,9965322,10101697,10203140
87,kaz,Kazakhstan,14796175,14958897,15128090,15303316,15483411,15665594,15852524,16039253,16205998,16326848,16383881,16373308,16302809,16181161,16022224,15839357,15631926,15406005,15190168,15020573,14922724,14910207,14976184,15100045,15250016,15402803,15551263,15702112,15862126,16043015,16252273,16490669,16751523,17026118,17302619,17572010,17830902,18080023,18319616,18551428,18776707
88,ken,Kenya,16417203,17063870,17736326,18431760,19146403,19877078,20622560,21382111,22153685,22935088,23724574,24521714,25326080,26136217,26950508,27768297,28589456,29415660,30250488,31098763,31964557,32848569,33751746,34678781,35635267,36624897,37649039,38705934,39791984,40901798,42030684,43178270,44343469,45519986,46700063,47878339,49051531,50221146,51392570,52573967,53771300
89,kir,Kiribati,59296,60101,60887,61736,62745,63989,65504,67244,69087,70849,72394,73692,74767,75711,76668,77716,78904,80188,81558,82969,84405,85844,87308,88840,90498,92319,94341,96531,98760,100928,102930,104735,106359,107887,109387,110927,112529,114153,115842,117608,119446
90,prk,North Korea,17472144,17731229,18008568,18298212,18590142,18877226,19156791,19431992,19708316,19993757,20293057,20609151,20937407,21265832,21577979,21862300,22113428,22335263,22536754,22731470,22929078,23132982,23339453,23542434,23732740,23904167,24054866,24188330,24310143,24428340,24548840,24673392,24800638,24929500,25057793,25183832,25307665,25429816,25549606,25666158,25778815
91,kor,South Korea,38045605,38602287,39175221,39747794,40296230,40804406,41265123,41686566,42086668,42491200,42918416,43373148,43848223,44335037,44820070,45292521,45751023,46196056,46620698,47016952,47379237,47706226,47999551,48260901,48493434,48701069,48880449,49034813,49182458,49347450,49545638,49786153,50060639,50345720,50607904,50823087,50983446,51096408,51171700,51225321,51269183
92,kwt,Kuwait,1368680,1439334,1507636,1576975,1652150,1735278,1832302,1938916,2034850,2092786,2095350,2031297,1912425,1772607,1659304,1605907,1626858,1710257,1831121,1951642,2045123,2103273,2136991,2161626,2200498,2270196,2373661,2504026,2656010,2821041,2991884,3168054,3348852,3526382,3690939,3835588,3956862,4056102,4137314,4207077,4270563
93,kgz,Kyrgyz Republic,3610974,3682660,3757168,3834140,3913018,3993077,4075144,4158584,4239283,4311856,4372885,4419627,4454192,4483844,4518808,4566096,4629403,4705651,4786772,4861121,4920712,4962839,4991478,5013538,5038995,5075340,5124379,5184384,5254969,5334708,5422298,5517927,5621583,5731312,5844521,5959126,6074327,6189727,6304025,6415851,6524191
94,lao,Lao,3258149,3323353,3401193,3489910,3586315,3687889,3794204,3905530,4020817,4138845,4258471,4379234,4500346,4619946,4735837,4846477,4951189,5050308,5144601,5235339,5323701,5409584,5493247,5576640,5662199,5751675,5846075,5944950,6046630,6148621,6249168,6347564,6444527,6541302,6639763,6741160,6845848,6953031,7061498,7169456,7275556
95,lva,Latvia,2521381,2531016,2540444,2550932,2564118,2580763,2602152,2626906,2649835,2663943,2664447,2649161,2620254,2582658,2543632,2508476,2478832,2453310,2430546,2408088,2384150,2358689,2332528,2305845,2278922,2251996,2225063,2198089,2171248,2144784,2118855,2093606,2069018,2044950,2021220,1997675,1974265,1951097,1928461,1906740,1886202
96,lbn,Lebanon,2588928,2594299,2606148,2622072,2638056,2651992,2660873,2667957,2684682,2726438,2803032,2921700,3076133,3246129,3403359,3528379,3610663,3658425,3693514,3747762,3842774,3990999,4182205,4388378,4569377,4698761,4759760,4767347,4764745,4813026,4953064,5202022,5537620,5913016,6261046,6532681,6714281,6819373,6859408,6855709,6825442
97,lso,Lesotho,1340258,1377808,1415362,1452727,1489685,1526132,1561687,1596395,1630993,1666564,1703757,1742534,1782284,1822237,1861323,1898598,1934294,1968054,1997524,2019732,2032805,2035738,2029832,2018355,2005953,1996115,1989933,1986926,1987130,1990135,1995575,2003793,2014988,2028528,2043448,2059011,2075041,2091532,2108327,2125267,2142252
98,lbr,Liberia,1852991,1918832,1989477,2057232,2111667,2145756,2158434,2153312,2134105,2106429,2075917,2040141,2001612,1976701,1986491,2044657,2160480,2326210,2517472,2699708,2848447,2953928,3024727,3077055,3135654,3218114,3329211,3461911,3607863,3754129,3891357,4017446,4135662,4248337,4359508,4472229,4586788,4702224,4818976,4937374,5057677
99,lby,Libya,3219462,3347779,3480443,3614682,3746712,3873781,3994601,4109717,4220451,4328935,4436663,4544245,4650896,4755134,4854871,4948796,5036173,5118008,5196774,5275921,5357893,5443249,5531097,5620545,5710163,5798615,5886874,5974786,6058740,6133987,6197667,6247438,6285751,6320350,6362039,6418315,6492160,6580723,6678565,6777453,6871287
100,lie,Liechtenstein,25881,26229,26533,26790,27028,27286,27552,27835,28135,28449,28790,29166,29552,29987,30415,30884,31354,31830,32306,32765,33184,33543,33885,34172,34444,34718,34975,35217,35469,35723,35996,36299,36615,36940,37219,37465,37655,37805,37918,38020,38137
101,ltu,Lithuania,3430760,3456141,3481128,3506550,3533489,3562399,3594064,3627326,3658496,3682557,3696035,3697451,3688103,3670653,3649142,3626609,3603756,3579911,3555140,3529189,3501842,3473623,3444777,3414367,3381134,3344259,3303329,3258984,3212867,3167270,3123825,3083402,3045561,3008938,2971498,2931872,2889555,2845419,2801270,2759631,2722291
102,lux,Luxembourg,364048,364778,365099,365301,365797,366882,368662,371076,374118,377712,381780,386356,391397,396812,402435,408145,413999,419979,425828,431263,436106,440197,443727,447317,451822,457848,465611,474917,485403,496536,507890,519312,530855,542554,554512,566741,579266,591914,604244,615730,625976
103,mkd,"Macedonia, FYR",1924203,1941527,1955247,1965892,1974413,1981536,1987538,1992278,1995508,1996863,1996218,1993304,1988659,1984024,1981713,1983259,1989441,1999588,2012052,2024393,2034823,2042844,2048930,2053426,2057044,2060280,2063132,2065408,2067309,2069030,2070737,2072484,2074275,2076065,2077780,2079335,2080746,2081996,2082957,2083458,2083380
104,mdg,Madagascar,8716549,8971339,9234137,9504283,9780869,10063493,10352117,10647753,10952396,11268653,11598647,11942809,12301338,12675469,13066544,13475403,13902697,14347860,14808791,15282524,15766806,16260933,16765122,17279139,17802992,18336722,18880265,19433520,19996476,20569115,21151640,21743970,22346641,22961259,23589897,24234080,24894370,25570511,26262313,26969306,27691019
105,mwi,Malawi,6250434,6412380,6565985,6737924,6964613,7268271,7666390,8141140,8636686,9075568,9404499,9600361,9685974,9710335,9745695,9844418,10022783,10264906,10552345,10854325,11148751,11432001,11713663,12000183,12301837,12625950,12973693,13341808,13727899,14128161,14539609,14962118,15396010,15839287,16289550,16745305,17205253,17670193,18143215,18628749,19129955
106,mys,Malaysia,13798094,14134060,14471215,14819430,15192300,15598924,16043736,16522004,17022470,17528961,18029824,18519941,19002660,19484901,19977508,20487604,21017619,21562790,22114647,22661293,23194252,23709115,24208391,24698821,25190647,25690615,26201954,26720367,27236003,27735038,28208028,28650962,29068189,29468923,29866606,30270965,30684652,31104655,31528033,31949789,32365998
107,mdv,Maldives,158271,163821,169849,176255,182848,189540,196262,203024,209787,216502,223159,229743,236271,242596,248582,254144,259178,263836,268445,273522,279396,286309,294185,302681,311265,319604,327489,335172,343448,353391,365730,380493,397231,415592,435018,454914,475505,496398,515704,530957,540542
108,mli,Mali,7090124,7234725,7388670,7545163,7694857,7831888,7952863,8062216,8171525,8296919,8449915,8635528,8850334,9087173,9334893,9585660,9837575,10094363,10360564,10642937,10946448,11271603,11616890,11982692,12369078,12775509,13203378,13651455,14113578,14581427,15049352,15514593,15979492,16449854,16934213,17438772,17965448,18512429,19077755,19658023,20250834
109,mlt,Malta,331494,334115,336964,339984,343096,346254,349431,352617,355796,358935,362017,364991,367890,370774,373754,376893,380259,383756,387282,390626,393649,396324,398720,400858,402820,404659,406330,407854,409493,411559,414257,417720,421809,426144,430190,433559,436099,437935,439255,440377,441539
110,mhl,Marshall Islands,30574,31883,33330,34881,36564,38331,40212,42168,44092,45827,47265,48403,49242,49828,50214,50454,50523,50453,50356,50418,50754,51411,52368,53465,54476,55257,55765,56046,56166,56255,56361,56524,56712,56933,57183,57444,57723,58053,58412,58791,59194
111,mrt,Mauritania,1540644,1586496,1633655,1681859,1730737,1780033,1829678,1879756,1930427,1981902,2034347,2087914,2142645,2198538,2255520,2313630,2372900,2433567,2496217,2561584,2630217,2702405,2778097,2857150,2939246,3024198,3111908,3202512,3296237,3393408,3494200,3598646,3706555,3817497,3930894,4046304,4163532,4282582,4403312,4525698,4649660
112,mus,Mauritius,966039,978071,988889,998620,1007502,1015764,1023278,1030176,1037253,1045585,1055869,1068433,1082948,1098604,1114146,1128676,1141952,1154141,1165292,1175571,1185147,1193911,1201805,1208992,1215668,1222010,1228089,1233890,1239262,1243996,1247953,1251074,1253489,1255458,1257351,1259457,1261870,1264497,1267184,1269670,1271767
113,mex,Mexico,67761367,69407623,71058650,72709306,74352631,75983486,77599105,79200081,80788725,82368930,83943135,85512621,87075136,88625440,90156396,91663290,93147045,94611008,96056313,97484823,98899845,100298152,101684764,103081020,104514934,106005199,107560155,109170503,110815272,112463886,114092961,115695468,117274156,118827158,120355137,121858251,123333379,124777326,126190782,127575529,128932753
114,fsm,"Micronesia, Fed. Sts.",72936,75422,78015,80630,83192,85641,87904,89985,91984,94062,96304,98779,101386,103901,106030,107535,108311,108473,108206,107769,107405,107170,107027,106902,106624,106135,105374,104442,103549,102971,102916,103448,104506,105922,107444,108886,110215,111461,112640,113811,115021
115,mda,Moldova,4011085,4049874,4091132,4133730,4175932,4216244,4254526,4290484,4322338,4347870,4365562,4375053,4376804,4371155,4358790,4340602,4316225,4286477,4254835,4225835,4202659,4187097,4178228,4173276,4167962,4159296,4146264,4130129,4112886,4097515,4086090,4079167,4075804,4074585,4073407,4070705,4066013,4059687,4051950,4043258,4033963
116,mco,Monaco,26752,27162,27633,28091,28511,28836,29050,29156,29232,29309,29433,29629,29859,30145,30436,30731,31001,31268,31554,31836,32148,32474,32804,33144,33499,33842,34189,34524,34860,35223,35609,36025,36459,36899,37320,37723,38070,38392,38682,38967,39244
117,mng,Mongolia,1689622,1733475,1777727,1823214,1871089,1921889,1976313,2033351,2089709,2141005,2184139,2217918,2243495,2263196,2280475,2298017,2316571,2335744,2355667,2376228,2397417,2419594,2443261,2468765,2496394,2526429,2558854,2593819,2631899,2673794,2719902,2770357,2824698,2881783,2940111,2998433,3056358,3113788,3170214,3225166,3278292
118,mne,Montenegro,580757,587689,595351,602965,609438,614011,616356,616794,616054,615205,615004,615736,617181,618863,620076,620419,619705,618216,616340,614652,613558,613170,613371,614081,615137,616388,617863,619554,621312,622933,624279,625271,625931,626342,626650,626957,627271,627563,627803,627988,628062
119,mar,Morocco,19990006,20479709,20984023,21495088,22002641,22499111,22980334,23447256,23903592,24355624,24807461,25260407,25711410,26155204,26584473,26994255,27383472,27754573,28110447,28455504,28793672,29126323,29454765,29782884,30115196,30455563,30804689,31163670,31536807,31929087,32343384,32781860,33241898,33715705,34192358,34663608,35126274,35581257,36029089,36471766,36910558
120,moz,Mozambique,11630194,11913085,12189817,12439773,12636120,12764385,12808566,12786353,12758003,12805950,12987292,13328029,13805999,14370950,14948050,15483277,15960445,16397175,16813946,17244176,17711925,18221884,18764147,19331097,19910549,20493927,21080108,21673319,22276596,22894718,23531567,24187500,24862673,25560752,26286192,27042001,27829930,28649007,29496009,30366043,31255435
121,mmr,Myanmar,34224316,34976465,35734273,36491804,37241530,37977087,38698484,39404350,40085653,40731439,41335188,41890192,42401686,42889992,43383421,43901598,44452203,45027223,45611220,46181075,46719698,47225119,47702163,48148907,48564489,48949931,49301049,49621479,49929642,50250366,50600827,50990612,51413703,51852464,52280816,52680724,53045199,53382521,53708318,54045422,54409794
122,nam,Namibia,1057723,1080938,1105103,1131624,1162282,1198149,1239923,1286796,1336545,1386011,1432899,1476399,1516951,1555098,1591826,1627866,1663378,1698029,1731635,1763861,1794583,1823667,1851519,1879113,1907737,1938316,1971318,2006516,2043382,2081039,2118877,2156698,2194777,2233506,2273426,2314901,2358044,2402623,2448300,2494524,2540916
123,nru,Nauru,7751,7871,8016,8163,8331,8501,8679,8868,9058,9275,9506,9766,10030,10287,10496,10626,10677,10643,10567,10449,10335,10219,10102,9990,9906,9848,9827,9846,9880,9945,10009,10069,10136,10208,10289,10374,10474,10577,10678,10764,10834
124,npl,Nepal,15016408,15367229,15729431,16100623,16477488,16858315,17239677,17623697,18020755,18445021,18905480,19405506,19938322,20489973,21040899,21576074,22090352,22584772,23057875,23509971,23941099,24347113,24725625,25080880,25419337,25744500,26066687,26382586,26666581,26883531,27013207,27041220,26989160,26916795,26905982,27015033,27263430,27632682,28095712,28608715,29136808
125,nld,Netherlands,14148410,14223757,14295209,14365388,14437510,14513947,14595749,14682662,14774031,14868659,14965442,15064522,15165856,15268005,15369121,15467852,15563252,15655482,15745650,15835525,15926188,16018112,16110355,16200948,16287183,16367153,16440091,16506652,16568105,16626379,16682927,16738191,16791850,16843512,16892517,16938492,16981285,17021343,17059560,17097123,17134873
126,nzl,New Zealand,3146610,3164823,3188537,3215732,3243034,3268234,3290304,3310751,3332787,3360956,3398175,3446171,3503194,3564473,3623272,3674940,3717352,3752355,3783976,3818128,3858992,3907941,3963202,4022074,4080421,4135353,4185882,4233046,4278156,4323338,4370060,4418674,4468462,4518519,4567522,4614527,4659265,4702029,4743131,4783062,4822233
127,nic,Nicaragua,3265520,3360142,3455129,3549711,3642978,3734343,3823133,3909672,3995529,4082958,4173435,4267570,4364514,4462496,4559010,4652185,4741571,4827658,4910642,4991041,5069310,5145367,5219324,5292115,5364930,5438692,5513757,5590066,5667436,5745538,5824058,5903035,5982530,6062462,6142734,6223234,6303970,6384843,6465502,6545503,6624554
128,ner,Niger,5989000,6163711,6343530,6528646,6719310,6915994,7118885,7328934,7548429,7780242,8026592,8288739,8566773,8860297,9168316,9490289,9826600,10178196,10545720,10929922,11331561,11751364,12189988,12647983,13125914,13624474,14143969,14685404,15250913,15843131,16464025,17114770,17795209,18504287,19240182,20001663,20788789,21602388,22442831,23310719,24206636
129,nga,Nigeria,73423646,75440505,77427539,79414841,81448757,83562776,85766396,88048029,90395278,92788039,95212454,97667632,100161708,102700751,105293701,107948339,110668784,113457661,116319763,119260055,122283853,125394046,128596079,131900634,135320420,138865014,142538305,146339971,150269622,154324939,158503203,162805080,167228803,171765819,176404931,181137454,185960244,190873247,195874685,200963603,206139587
130,nor,Norway,4086070,4098974,4111650,4124588,4138265,4153111,4169318,4186972,4205959,4226116,4247286,4269465,4292685,4316790,4341616,4366996,4393217,4420266,4447485,4474008,4499375,4523139,4546017,4570096,4598210,4632359,4672986,4719403,4771014,4826847,4885878,4948335,5013716,5079460,5142269,5199827,5250950,5296324,5337960,5378859,5421242
131,omn,Oman,1154373,1220578,1290121,1361085,1431066,1498413,1561180,1619871,1678119,1741155,1812158,1893761,1983272,2072106,2148416,2204267,2236652,2249759,2251859,2254898,2267973,2294959,2334860,2386164,2445524,2511254,2580753,2657162,2750956,2876186,3041435,3251102,3498031,3764805,4027255,4267341,4479217,4665926,4829476,4974992,5106622
132,pak,Pakistan,78054346,80680461,83431597,86285936,89213708,92191505,95215375,98285762,101389603,104512874,107647918,110778655,113911126,117086680,120362764,123776835,127349293,131057432,134843233,138624625,142343583,145978408,149549695,153093371,156664698,160304007,164022626,167808106,171648984,175525610,179424643,183340168,187280125,191260799,195305012,199426953,203631356,207906210,212228288,216565317,220892331
133,plw,Palau,12178,12281,12519,12842,13190,13534,13835,14121,14400,14704,15063,15442,15859,16285,16735,17158,17599,18016,18409,18773,19104,19390,19642,19812,19861,19784,19545,19159,18708,18290,17954,17748,17635,17603,17625,17665,17718,17809,17911,18001,18092
134,pan,Panama,1978489,2025965,2073748,2121863,2170330,2219200,2268500,2318259,2368556,2419424,2470946,2523115,2575949,2629584,2684117,2739667,2796291,2853907,2912318,2971197,3030333,3089641,3149195,3209056,3269356,3330222,3391673,3453671,3516204,3579215,3642691,3706479,3770635,3835447,3901311,3968490,4037073,4106764,4176868,4246440,4314768
135,png,Papua New Guinea,3571209,3668102,3768489,3871490,3975950,4081022,4186499,4292575,4399320,4506996,4615843,4725543,4836216,4949053,5065664,5187063,5314258,5446633,5581767,5716166,5847590,5974627,6098621,6223378,6354247,6494902,6646891,6808503,6976200,7144774,7310512,7472196,7631003,7788388,7946733,8107772,8271766,8438038,8606324,8776119,8947027
136,pry,Paraguay,3181627,3272922,3368763,3468533,3571275,3676206,3783074,3891725,4001678,4112396,4223413,4334348,4445019,4555518,4666096,4776838,4887638,4998096,5107840,5216346,5323202,5428442,5531958,5632983,5730556,5824095,5913212,5998430,6081296,6163970,6248017,6333981,6421510,6510273,6599524,6688746,6777878,6867058,6956069,7044639,7132530
137,per,Peru,17547612,17985398,18426420,18870988,19319746,19772871,20230385,20691285,21153462,21614193,22071433,22522383,22966822,23408135,23851405,24299168,24753825,25210957,25658070,26078295,26459944,26799289,27100964,27372217,27624226,27866140,28102055,28333050,28562321,28792663,29027680,29264314,29506790,29773986,30090372,30470739,30926036,31444299,31989265,32510462,32971846
138,phl,Philippines,47357741,48672831,50023564,51408910,52827047,54275836,55755346,57263835,58794999,60340768,61895169,63454785,65020124,66593904,68180846,69784087,71401743,73030879,74672009,76325927,77991757,79672869,81365260,83051970,84710544,86326251,87888675,89405482,90901967,92414161,93966784,95570049,97212639,98871558,100513137,102113206,103663812,105172921,106651394,108116622,109581085
139,pol,Poland,35539723,35878440,36221543,36555782,36863949,37133860,37359519,37544332,37697360,37832568,37960193,38082940,38197588,38301349,38389469,38458642,38509672,38544838,38564191,38567868,38556699,38529585,38488640,38441821,38399553,38368957,38354447,38353339,38356786,38351924,38329784,38286824,38227033,38158043,38091095,38034076,37989218,37953176,37921585,37887771,37846605
140,prt,Portugal,9750966,9820868,9870822,9902992,9921243,9929176,9926426,9914073,9899198,9890823,9895358,9916052,9951305,9996642,10045032,10091322,10134016,10174564,10214046,10254501,10297117,10341456,10385993,10429615,10470926,10508494,10542837,10573150,10595312,10604066,10596055,10569388,10526308,10473025,10418224,10368346,10325540,10288527,10256192,10226178,10196707
141,qat,Qatar,223622,247984,277229,309299,341272,370886,397739,422154,443611,461688,476275,487354,495403,501479,507044,513447,522531,535320,551566,570486,592467,615013,640872,681791,753332,865410,1022704,1218441,1436670,1654944,1856329,2035862,2196078,2336579,2459202,2565708,2654379,2724727,2781682,2832071,2881060
142,rou,Romania,22615644,22737209,22830547,22907296,22983962,23071258,23175055,23288388,23393739,23466413,23489156,23456646,23375828,23256959,23115814,22964747,22805706,22637600,22466291,22298122,22137423,21989354,21853278,21720403,21577890,21417287,21234312,21034196,20829521,20637995,20471860,20336718,20227467,20132780,20035928,19925182,19796280,19653966,19506110,19364558,19237682
143,rus,Russia,138053143,138993850,139954626,140935774,141938482,142957289,143995348,145032886,146013482,146863927,147531562,147995584,148268576,148373584,148349443,148227471,148020852,147730020,147360613,146915915,146404890,145830726,145215707,144610876,144080649,143672125,143403258,143266207,143248764,143326904,143479273,143703027,143993888,144325456,144664837,144985059,145275374,145530091,145734034,145872260,145934460
144,rwa,Rwanda,5153314,5329250,5504847,5690989,5902847,6146884,6443748,6779981,7088194,7276983,7288883,7083928,6702239,6263758,5936253,5836490,6013112,6419898,6962800,7501238,7933688,8231150,8427061,8557160,8680516,8840220,9043342,9273759,9524532,9782770,10039338,10293333,10549668,10811538,11083629,11369066,11668829,11980960,12301969,12626938,12952209
145,kna,St. Kitts and Nevis,43201,42963,42733,42477,42198,41874,41479,41041,40633,40354,40260,40381,40691,41141,41618,42077,42472,42857,43225,43622,44083,44602,45168,45749,46323,46852,47333,47769,48178,48599,49011,49442,49881,50328,50776,51204,51629,52036,52438,52834,53192
146,lca,St. Lucia,117828,119435,120987,122571,124296,126246,128448,130868,133364,135787,138019,140001,141758,143402,145080,146871,148837,150920,153023,154988,156737,158184,159392,160530,161821,163408,165378,167644,170011,172223,174092,175538,176654,177505,178307,179131,180028,180955,181890,182795,183629
147,vct,St. Vincent and the Grenadines,100566,101439,102255,103035,103776,104503,105217,105905,106533,107071,107489,107772,107941,108036,108059,108043,107983,107895,107807,107763,107787,107893,108095,108322,108520,108617,108602,108516,108401,108293,108260,108315,108435,108624,108868,109135,109467,109826,110210,110593,110947
148,wsm,Samoa,155522,156410,157365,158345,159243,159995,160552,160962,161369,161935,162797,164000,165490,167117,168689,170050,171165,172065,172839,173606,174454,175394,176410,177481,178597,179722,180874,182045,183270,184553,185944,187469,189089,190712,192220,193510,194540,195358,196128,197093,198410
149,smr,San Marino,21453,21761,22043,22295,22546,22794,23046,23297,23548,23833,24124,24454,24830,25208,25588,25925,26253,26563,26851,27141,27460,27818,28175,28561,28942,29324,29694,30068,30434,30825,31221,31655,32103,32554,32941,33270,33503,33671,33784,33864,33938
150,stp,Sao Tome and Principe,95788,97767,99478,101064,102826,104926,107429,110259,113288,116313,119211,121949,124574,127066,129426,131679,133799,135831,137855,139964,142264,144760,147450,150405,153736,157472,161676,166297,171122,175877,180372,184521,188394,192076,195727,199439,203221,207086,211032,215048,219161
151,sau,Saudi Arabia,9691471,10311771,10988851,11701132,12418836,13118998,13794167,14445663,15070082,15666289,16233786,16772695,17282686,17763297,18214475,18638790,19033843,19407138,19783301,20194531,20663840,21202646,21805322,22456645,23132686,23816175,24498313,25184589,25888535,26630303,27421468,28267591,29154906,30052058,30916603,31717676,32443443,33101183,33702757,34268529,34813867
152,sen,Senegal,5583157,5740441,5909734,6089567,6277420,6471329,6670665,6875746,7086624,7303511,7526306,7755503,7990090,8226749,8461066,8690155,8912872,9130876,9347777,9568717,9797731,10036102,10283694,10541470,10810086,11090123,11382272,11687078,12004700,12335092,12678143,13033814,13401990,13782429,14174740,14578450,14993514,15419354,15854324,16296362,16743930
153,srb,Serbia,8908295,8984597,9057971,9127675,9192920,9253396,9306347,9352149,9397310,9450770,9517677,9602879,9701145,9795253,9861631,9884145,9856064,9784689,9685430,9580824,9487612,9410769,9346464,9292232,9242643,9193818,9145913,9101189,9060105,9023354,8991258,8963761,8940116,8918892,8898284,8876777,8853963,8829623,8802741,8772228,8737370
154,syc,Seychelles,66237,67242,68120,68837,69402,69772,69941,69946,69925,70089,70572,71446,72661,74071,75444,76653,77597,78357,79064,79904,80998,82413,84077,85807,87388,88652,89528,90082,90450,90788,91273,91882,92608,93397,94214,94981,95711,96418,97094,97741,98340
155,sle,Sierra Leone,3388494,3464113,3540164,3619854,3707513,3805304,3916685,4038154,4156636,4254434,4319763,4348663,4347727,4328965,4309780,4303953,4312660,4335295,4381484,4462374,4584570,4754069,4965770,5201074,5433995,5645629,5829240,5989641,6133599,6272735,6415636,6563238,6712586,6863975,7017153,7171909,7328846,7488427,7650149,7813207,7976985
156,sgp,Singapore,2411690,2460503,2517983,2580915,2644495,2705537,2762442,2816974,2873279,2937277,3012968,3101144,3199642,3305801,3415701,3525964,3638177,3752131,3860721,3954741,4028872,4077150,4104407,4129227,4177202,4265693,4402324,4578629,4775810,4966614,5131170,5263640,5369469,5453732,5525628,5592143,5653625,5708042,5757503,5804343,5850343
157,svk,Slovak Republic,4996730,5037339,5073882,5106983,5137690,5166787,5194302,5219967,5244036,5266805,5288455,5309229,5329029,5347212,5362894,5375470,5384792,5391202,5395253,5397709,5399207,5399995,5400124,5399844,5399374,5398962,5398674,5398693,5399362,5401149,5404293,5408932,5414894,5421721,5428798,5435614,5442001,5447903,5453017,5457012,5459643
158,svn,Slovenia,1835842,1857851,1880707,1903548,1925312,1945129,1962870,1978498,1991387,2000832,2006404,2007780,2005352,2000560,1995326,1991126,1988580,1987457,1987384,1987625,1987710,1987457,1987265,1987855,1990226,1994979,2002427,2012128,2023049,2033807,2043336,2051278,2057826,2063120,2067488,2071199,2074205,2076395,2077836,2078654,2078932
159,slb,Solomon Islands,230550,238423,246451,254566,262691,270787,278834,286871,294976,303272,311869,320781,330004,339501,349273,359276,369517,379998,390702,401592,412665,423949,435434,447016,458549,469918,481086,492133,503366,515182,527861,541522,556066,571329,587079,603133,619438,636030,652856,669821,686878
160,som,Somalia,6281138,6511115,6608040,6618594,6614713,6648628,6736751,6862267,7005226,7133263,7225089,7274026,7295380,7315864,7372592,7491647,7682683,7936122,8235064,8553595,8872250,9186719,9501335,9815412,10130251,10446856,10763904,11080122,11397188,11717691,12043886,12376305,12715487,13063711,13423571,13797204,14185635,14589165,15008225,15442906,15893219
161,zaf,South Africa,28556771,29333095,30150448,30993762,31841588,32678876,33495956,34297727,35100905,35930056,36800507,37718952,38672611,39633754,40564061,41435761,42241007,42987456,43682259,44338551,44967713,45571272,46150913,46719203,47291610,47880595,48489464,49119766,49779472,50477013,51216967,52003759,52832659,53687125,54544184,55386369,56207649,57009751,57792520,58558267,59308690
162,ssd,South Sudan,4502603,4646478,4799435,4953154,5096478,5220748,5328167,5419808,5485288,5511582,5492620,5420179,5305449,5185712,5111371,5118084,5221925,5411653,5661934,5933884,6199396,6447791,6688225,6935665,7213354,7535931,7907407,8315144,8736932,9142258,9508372,9830695,10113648,10355030,10554882,10715657,10832520,10910774,10975924,11062114,11193729
163,esp,Spain,37698200,37971968,38209686,38413300,38586704,38733866,38855631,38954490,39038686,39118555,39202524,39299081,39410852,39533726,39660079,39787413,39908962,40035286,40201561,40454472,40824745,41319431,41919593,42596455,43308345,44019118,44728561,45429071,46068811,46583566,46931011,47084242,47063059,46930554,46777927,46671919,46634131,46647425,46692863,46736782,46754783
164,lka,Sri Lanka,15035840,15272822,15501210,15724641,15948501,16176282,16408861,16643956,16878186,17106752,17325769,17535732,17736827,17924827,18094474,18242917,18367290,18470897,18564595,18663293,18777606,18911727,19062476,19224036,19387153,19544988,19695977,19842044,19983984,20123508,20261738,20398496,20532599,20663053,20788512,20908024,21021177,21128028,21228760,21323734,21413250
165,sdn,Sudan,14507466,15027254,15562129,16107613,16657956,17210182,17757494,18303430,18867559,19476653,20147592,20891442,21696240,22527837,23338465,24094741,24782384,25413912,26015518,26626512,27275019,27971077,28704786,29460517,30214189,30949514,31661824,32360619,33060844,33783779,34545014,35349676,36193781,37072555,37977657,38902948,39847433,40813398,41801532,42813237,43849269
166,sur,Suriname,359531,360144,360927,362282,364722,368636,374133,381033,388877,397082,405169,413009,420658,428028,435099,441851,448207,454165,459838,465380,470944,476574,482228,487938,493680,499461,505292,511181,517122,523113,529126,535177,541247,547295,553278,559136,564883,570501,575987,581363,586634
167,swz,Swaziland,587852,608374,629812,652112,675240,699077,723599,748634,773774,798498,822423,845267,866995,887706,907622,926836,945506,963416,979922,994105,1005432,1013608,1019054,1022796,1026287,1030575,1036095,1042651,1049948,1057462,1064841,1072029,1079285,1086843,1095022,1104038,1113994,1124808,1136274,1148133,1160164
168,swe,Sweden,8316331,8325493,8329428,8332441,8340444,8357650,8384987,8421056,8464790,8514204,8567375,8625140,8686735,8746770,8798235,8836421,8859180,8868857,8870854,8873105,8881642,8897802,8920703,8951439,8990653,9038627,9096170,9162941,9236433,9313085,9390157,9466705,9542817,9618016,9692137,9764949,9836003,9904895,9971630,10036391,10099270
169,che,Switzerland,6283833,6295921,6321409,6356743,6396144,6435424,6473047,6510593,6550730,6597360,6652873,6718818,6792906,6868937,6938407,6995519,7038027,7068503,7091775,7115031,7143764,7179174,7220378,7268363,7323728,7386818,7457961,7536986,7622826,7713902,7808674,7906988,8008006,8108876,8206003,8296775,8379915,8455797,8525614,8591361,8654618
170,syr,Syria,8930776,9252854,9590226,9938852,10293048,10648633,11004273,11360848,11719064,12080439,12446168,12815400,13187669,13565074,13950486,14345491,14754148,15175308,15599588,16013992,16410847,16766555,17084628,17415214,17827827,18361178,19059257,19878257,20664037,21205873,21362541,21081814,20438861,19578466,18710711,17997411,17465567,17095669,16945062,17070132,17500657
171,twn,Taiwan,17905459,18191727,18477501,18760237,19036463,19303402,19560164,19806742,20042355,20266424,20478516,20679072,20868148,21044700,21207424,21356025,21488994,21608309,21721513,21838635,21966528,22108715,22262297,22419785,22570229,22705719,22823846,22927222,23019042,23104542,23187556,23268760,23346898,23421582,23491976,23557473,23618201,23674546,23726460,23773881,23816775
172,tjk,Tajikistan,3905443,4020818,4140297,4265278,4397563,4537820,4687328,4843997,5001172,5149872,5283811,5400636,5502490,5593317,5679169,5764806,5851354,5938404,6027395,6119664,6216329,6318510,6426861,6541550,6662391,6789318,6922590,7062667,7209924,7364752,7527397,7697507,7874838,8059782,8252828,8454019,8663575,8880270,9100847,9321023,9537642
173,tza,Tanzania,18538263,19120683,19723317,20344550,20981775,21633799,22296282,22971208,23670807,24411744,25203848,26056605,26961204,27887204,28792649,29649128,30444523,31192853,31924201,32682240,33499177,34385849,35334790,36337778,37379766,38450323,39548666,40681416,41853944,43073830,44346532,45673520,47053033,48483132,49960563,51482638,53049231,54660345,56313444,58005461,59734213
174,tha,Thailand,47374463,48326269,49255889,50173922,51094870,52026901,52980105,53945872,54891520,55772169,56558196,57232471,57811025,58337773,58875275,59467272,60130190,60846588,61585103,62298569,62952639,63539190,64069093,64549867,64995303,65416189,65812540,66182064,66530980,66866834,67195032,67518379,67835969,68144519,68438748,68714519,68971313,69209817,69428454,69625581,69799978
175,tls,Timor-Leste,599907,603837,613233,626677,641845,657061,671747,686475,701812,718736,737814,759526,783204,806867,827828,844333,855358,861870,866523,873138,884366,901214,922699,947110,971889,995130,1016437,1036388,1055428,1074286,1093517,1113154,1133002,1153288,1174333,1196294,1219289,1243260,1267975,1293120,1318442
176,tgo,Togo,2720835,2812312,2915618,3026980,3140840,3252997,3363040,3471738,3577469,3678567,3774310,3862998,3945902,4029044,4120615,4226293,4348808,4485945,4632451,4780455,4924406,5062571,5197040,5330629,5467770,5611643,5762881,5920360,6083417,6250840,6421674,6595939,6773807,6954721,7137997,7323162,7509952,7698476,7889095,8082359,8278737
177,ton,Tonga,92966,93415,93636,93736,93793,93896,94081,94318,94592,94848,95069,95243,95398,95556,95739,95972,96267,96621,97036,97475,97962,98482,99023,99591,100214,100908,101714,102577,103384,103897,103981,103558,102736,101768,101023,100780,101143,102002,103199,104497,105697
178,tto,Trinidad and Tobago,1084743,1101983,1120019,1138071,1155083,1170296,1183382,1194532,1204150,1212858,1221121,1229108,1236685,1243605,1249527,1254200,1257547,1259838,1261699,1263927,1267159,1271627,1277210,1283564,1290115,1296497,1302552,1308450,1314449,1320921,1328144,1336180,1344814,1353708,1362337,1370332,1377563,1384060,1389841,1394969,1399491
179,tun,Tunisia,6374040,6551232,6740520,6937332,7135265,7329590,7517854,7700733,7880333,8060211,8242509,8427851,8613855,8795934,8967916,9125400,9267335,9395119,9509862,9613587,9708347,9793915,9871261,9945282,10022278,10106778,10201211,10304729,10414425,10525691,10635245,10741872,10846993,10952949,11063195,11179951,11303942,11433438,11565203,11694721,11818618
180,tur,Turkey,43975972,44988411,46025411,47073470,48114158,49133928,50128548,51100930,52053764,52992479,53921758,54840595,55748946,56653808,57564209,58486453,59423278,60372571,61329665,62287391,63240196,64192243,65145357,66089402,67010930,67903461,68756809,69581854,70418612,71321406,72326992,73443254,74651046,75925454,77229262,78529413,79827868,81116451,82340090,83429607,84339067
181,tkm,Turkmenistan,2876809,2947783,3019064,3091510,3166215,3244024,3324462,3407310,3493892,3585867,3683978,3789188,3899843,4010789,4115105,4207841,4287337,4355125,4413477,4466133,4516128,4564087,4610018,4655752,4703396,4754652,4810114,4870142,4935765,5007953,5087211,5174076,5267906,5366376,5466324,5565283,5662371,5757667,5850902,5942094,6031187
182,tuv,Tuvalu,7631,7825,7951,8041,8110,8211,8341,8481,8637,8787,8910,9014,9110,9194,9259,9298,9317,9328,9332,9344,9392,9478,9593,9724,9871,9997,10118,10219,10315,10413,10521,10626,10744,10849,10973,11099,11232,11365,11505,11655,11792
183,uga,Uganda,12442333,12825084,13221991,13638729,14082870,14559357,15070319,15612754,16180129,16763041,17354395,17953534,18561668,19175986,19793541,20413157,21032817,21655392,22290787,22952406,23650159,24388974,25167261,25980547,26821300,27684590,28571475,29486335,30431734,31411096,32428164,33476772,34558700,35694519,36911530,38225447,39649173,41166588,42729032,44269587,45741000
184,ukr,Ukraine,49965872,50176399,50377069,50568025,50749176,50919275,51077457,51219911,51338392,51422338,51463101,51461273,51415957,51316013,51147771,50903783,50580467,50187280,49746523,49288739,48838058,48401648,47980033,47582463,47217489,46890775,46607397,46366347,46158709,45970942,45792086,45619850,45453805,45286988,45111530,44921636,44713708,44487708,44246158,43993643,43733759
185,are,United Arab Emirates,1019507,1096602,1164816,1228457,1293970,1366165,1446386,1533526,1627068,1725676,1828437,1937159,2052892,2173135,2294377,2415099,2539121,2671361,2813214,2966029,3134067,3302722,3478769,3711931,4068577,4588222,5300172,6168846,7089486,7917368,8549998,8946778,9141598,9197908,9214182,9262896,9360975,9487206,9630966,9770526,9890400
186,gbr,United Kingdom,56209164,56220739,56241408,56276791,56332902,56413555,56522505,56658260,56812754,56974289,57134377,57290792,57446041,57602279,57763382,57932450,58113554,58307320,58509972,58715859,58923305,59124277,59326294,59561429,59872760,60287953,60821349,61455154,62145098,62828620,63459801,64021922,64525300,64984015,65423048,65860149,66297944,66727463,67141678,67530161,67886004
187,usa,United States,229476360,231636065,233821851,236030236,238256849,240499822,242763137,245052780,247372258,249725809,252120309,254539371,256990608,259532130,262241204,265163741,268335008,271713634,275175309,278548148,281710914,284607992,287279312,289815567,292354663,294993509,297758977,300608425,303486022,306307565,309011469,311584051,314043885,316400539,318673422,320878312,323015992,325084758,327096263,329064917,331002647
188,ury,Uruguay,2915389,2934624,2953852,2973048,2992250,3011519,3030651,3049581,3068714,3088603,3109598,3131657,3154459,3177734,3201149,3224275,3247383,3270158,3291053,3308005,3319734,3325471,3326046,3323661,3321486,3321799,3325403,3331753,3340221,3349676,3359273,3368926,3378975,3389436,3400439,3412013,3424139,3436645,3449290,3461731,3473727
189,uzb,Uzbekistan,15898760,16321692,16747428,17177663,17615037,18061283,18515579,18976411,19443890,19918119,20398347,20884862,21375114,21861974,22336202,22791033,23225303,23640487,24036017,24412051,24769955,25108554,25431116,25749109,26077614,26427785,26804067,27204711,27626981,28065469,28515908,28977006,29449415,29932630,30426394,30929556,31441753,31959774,32476232,32981715,33469199
190,vut,Vanuatu,115598,118546,121398,124213,127058,129989,132988,136075,139319,142801,146575,150718,155176,159743,164128,168161,171721,174917,177987,181259,184964,189209,193927,198960,204123,209282,214379,219464,224700,230244,236216,242658,249505,256637,263888,271128,278326,285499,292675,299882,307150
191,ven,Venezuela,15182616,15597878,16017570,16443128,16876703,17319513,17772000,18232733,18698850,19166474,19632665,20096314,20557694,21016900,21474553,21931087,22385650,22837743,23288567,23739835,24192449,24646471,25100407,25551624,25996594,26432445,26850190,27247601,27635827,28031010,28439942,28887873,29360827,29781046,30042973,30081827,29851249,29402480,28887117,28515829,28435943
192,vnm,Vietnam,54281841,55522804,56814309,58148384,59512619,60896732,62293859,63701974,65120432,66550231,67988855,69436956,70883488,72300308,73651220,74910462,76068739,77133212,78115712,79035871,79910411,80742500,81534406,82301650,83062819,83832662,84617545,85419588,86243424,87092250,87967655,88871384,89801926,90752593,91713850,92677082,93640435,94600643,95545959,96462108,97338583
193,pse,Palestine,1510717,1554190,1600956,1650926,1703808,1759533,1817981,1879750,1946376,2019825,2101445,2191000,2287676,2391399,2501973,2618671,2742534,2872006,3000624,3119868,3224009,3309908,3380161,3441868,3505320,3577956,3662421,3756459,3856692,3957684,4055632,4149654,4241572,4333521,4428634,4529160,4635644,4747233,4862978,4981422,5101416
194,yem,Yemen,7941903,8231905,8541605,8869363,9213078,9572170,9941102,10322044,10730864,11189185,11709987,12302127,12954157,13634082,14297617,14913313,15469274,15975676,16450306,16921157,17409071,17918369,18443684,18985001,19540096,20107416,20687648,21282514,21892149,22516464,23154854,23807586,24473176,25147112,25823488,26497881,27168210,27834811,28498683,29161922,29825968
195,zmb,Zambia,5851818,6055361,6265869,6481907,6701547,6923148,7146965,7372835,7598270,7820199,8036849,8246662,8451346,8656484,8869745,9096608,9339740,9597610,9866474,10140564,10415942,10692197,10971704,11256740,11550641,11856244,12173518,12502958,12848531,13215142,13605986,14023199,14465148,14926551,15399793,15879370,16363449,16853608,17351714,17861034,18383956
196,zwe,Zimbabwe,7408630,7675582,7958239,8254746,8562259,8877489,9200150,9527202,9849129,10153852,10432409,10681008,10900511,11092775,11261752,11410721,11541215,11653254,11747079,11822722,11881482,11923906,11954293,11982219,12019911,12076697,12155496,12255920,12379553,12526964,12697728,12894323,13115149,13350378,13586710,13814642,14030338,14236599,14438812,14645473,14862927
